canonical_id,year,gate,gate_reason,audit_class,audit_note,call,title
doi:101001jamacardio20222825,2022,DROPPED,ingredient not in title/abstract,omega3_trial_abstract_level,omega-3 + intervention phrasing in abstract,FALSE_NEGATIVE,Sex Differences in Atrial Fibrillation Risk: The VITAL Rhythm Study.
doi:101001jamanetworkopen202317870,2023,DROPPED,ingredient not in title/abstract,omega3_trial_title_level,omega-3 named in TITLE,FALSE_NEGATIVE,Mediation Analysis to Untangle Opposing Associations of High-Dose Docosahexaenoic Acid With IQ and Bronchopulmonary Dysplasia in Children Born Preterm.
doi:101002art42811,2024,DROPPED,ingredient not in title/abstract,omega3_trial_title_level,omega-3 named in TITLE,FALSE_NEGATIVE,"Vitamin D and Marine n-3 Fatty Acids for Autoimmune Disease Prevention: Outcomes Two Years After Completion of a Double-Blind, Placebo-Controlled Trial."
doi:101002brb32342,2021,DROPPED,ingredient not in title/abstract,omega3_trial_title_level,omega-3 named in TITLE,FALSE_NEGATIVE,Effect of omega-3 and vitamin D co-supplementation on psychological distress in reproductive-aged women with pre-diabetes and hypovitaminosis D: A randomized controlled trial.
doi:101002brb370149,2024,DROPPED,ingredient not in title/abstract,omega3_trial_title_level,omega-3 named in TITLE,FALSE_NEGATIVE,Feasibility of Fish Oil Supplementation on Headache Symptoms and Blood Lipids in Migraine Patients.
doi:101002eat22964,2018,DROPPED,ingredient not in title/abstract,omega3_trial_title_level,omega-3 named in TITLE,FALSE_NEGATIVE,A pilot randomized controlled trial of omega-3 fatty acid supplementation for the treatment of anxiety in adolescents with anorexia nervosa.
doi:101002mnfr202000419,2020,DROPPED,ingredient not in title/abstract,omega3_trial_abstract_level,omega-3 + intervention phrasing in abstract,FALSE_NEGATIVE,Dietary Rapeseed Oil Supplementation Reduces Hepatic Steatosis in Obese Men-A Randomized Controlled Trial.
doi:101002mnfr202000681,2021,DROPPED,ingredient not in title/abstract,omega3_trial_title_level,omega-3 named in TITLE,FALSE_NEGATIVE,No Effect of Dietary Fish Oil Supplementation on the Recruitment of Brown and Brite Adipocytes in Mice or Humans under Thermoneutral Conditions.
doi:101002uog27584,2024,DROPPED,ingredient not in title/abstract,omega3_trial_title_level,omega-3 named in TITLE,FALSE_NEGATIVE,Maternal supplementation with docosahexaenoic acid does not cause constriction of fetal ductus arteriosus: randomized controlled trial.
doi:101007s00394025038785,2026,DROPPED,ingredient not in title/abstract,omega3_trial_abstract_level,omega-3 + intervention phrasing in abstract,FALSE_NEGATIVE,Modulation of inflammasome components in patients with heart failure using oral nutritional supplements: investigating the molecular mechanisms beyond the clinical benefit.
doi:101007s00394026039986,2026,DROPPED,ingredient not in title/abstract,omega3_trial_title_level,omega-3 named in TITLE,FALSE_NEGATIVE,Microencapsulated docosahexaenoic acid increases the Omega-3 Index and attenuates the physiological impact of eccentric exercise in physically trained adults: a 12-week double-blind placebo-controlled
doi:101007s10654025012590,2025,DROPPED,ingredient not in title/abstract,omega3_trial_title_level,omega-3 named in TITLE,FALSE_NEGATIVE,Identification of individuals who benefit from omega-3 fatty acid supplementation to prevent coronary heart disease: a machine-learning analysis of the VITAL.
doi:101007s1080301732493,2017,DROPPED,ingredient not in title/abstract,omega3_trial_title_level,omega-3 named in TITLE,FALSE_NEGATIVE,Effect of Omega-3 and -6 Supplementation on Language in Preterm Toddlers Exhibiting Autism Spectrum Disorder Symptoms.
doi:101007s11130025013098,2025,DROPPED,ingredient not in title/abstract,omega3_trial_abstract_level,omega-3 + intervention phrasing in abstract,FALSE_NEGATIVE,"Effects of Sacha Inchi (Plukenetia volubilis L.) Oil Supplementation on Hyperglycaemia, Hypertension and Hyperlipidaemia (3Hs) Patients: A Preliminary Human Trial."
doi:101007s1260302218095,2022,DROPPED,ingredient not in title/abstract,omega3_trial_title_level,omega-3 named in TITLE,FALSE_NEGATIVE,Omega-3 Supplementation for the Prevention of Cognitive Decline in Older Adults: Does It Depend on Homocysteine Levels?
doi:101016jajog201705033,2017,DROPPED,ingredient not in title/abstract,omega3_trial_title_level,omega-3 named in TITLE,FALSE_NEGATIVE,The effect of omega-3 supplementation on pregnancy outcomes by smoking status.
doi:101016jajog202110017,2022,DROPPED,ingredient not in title/abstract,omega3_trial_abstract_level,omega-3 + intervention phrasing in abstract,FALSE_NEGATIVE,Effect of vitamin D supplementation on urinary incontinence in older women: ancillary findings from a randomized trial.
doi:101016jamjmed202011023,2021,DROPPED,ingredient not in title/abstract,omega3_trial_title_level,omega-3 named in TITLE,FALSE_NEGATIVE,Effect of Vitamin D and/or Marine n-3 Fatty Acid Supplementation on Changes in Migraine Frequency and Severity.
doi:101016jatherosclerosis2023117388,2023,DROPPED,ingredient not in title/abstract,omega3_trial_title_level,omega-3 named in TITLE,FALSE_NEGATIVE,Eicosapentaenoic and docosahexaenoic acid supplementation and coronary artery calcium progression in patients with coronary artery disease: A secondary analysis of a randomized trial.
doi:101016jatherosclerosis2023117407,2024,DROPPED,ingredient not in title/abstract,omega3_trial_title_level,omega-3 named in TITLE,FALSE_NEGATIVE,Monocyte transcriptomic profile following EPA and DHA supplementation in men and women with low-grade chronic inflammation.
doi:101016jbbi202310025,2024,DROPPED,ingredient not in title/abstract,omega3_trial_title_level,omega-3 named in TITLE,FALSE_NEGATIVE,A randomised double-blind placebo-controlled trial of minocycline and/or omega-3 fatty acids added to treatment as usual for at risk Mental States: The NAYAB study.
doi:101016jclnu202307002,2023,DROPPED,ingredient not in title/abstract,omega3_trial_title_level,omega-3 named in TITLE,FALSE_NEGATIVE,Omega-3 fatty acid supplements and risk of atrial fibrillation and 'micro-atrial fibrillation': A secondary analysis from the OMEMI trial.
doi:101016jebiom2022103909,2022,DROPPED,ingredient not in title/abstract,omega3_trial_title_level,omega-3 named in TITLE,FALSE_NEGATIVE,"Modification of subcutaneous white adipose tissue inflammation by omega-3 fatty acids is limited in human obesity-a double blind, randomised clinical trial."
doi:101016jjacl201910013,2020,DROPPED,ingredient not in title/abstract,omega3_trial_title_level,omega-3 named in TITLE,FALSE_NEGATIVE,"Supplementation with saury oil, a fish oil high in omega-11 monounsaturated fatty acids, improves plasma lipids in healthy subjects."
doi:101016jjad202105086,2021,DROPPED,ingredient not in title/abstract,omega3_trial_title_level,omega-3 named in TITLE,FALSE_NEGATIVE,Emotion-Related Network Reorganization Following Fish Oil Supplementation in Depressed Bipolar Offspring: An fMRI Graph-Based Connectome Analysis.
doi:101016jjnha2025100528,2025,DROPPED,ingredient not in title/abstract,omega3_trial_title_level,omega-3 named in TITLE,FALSE_NEGATIVE,"Effects of vitamin D3, omega-3 fatty acids and a simple home exercise program on change in physical activity among generally healthy and active older adults: The 3-year DO-HEALTH trial."
doi:101016jjnutbio2025110136,2026,DROPPED,ingredient not in title/abstract,omega3_trial_title_level,omega-3 named in TITLE,FALSE_NEGATIVE,n - 3 polyunsaturated fatty acids mediate hyodeoxycholic acid-FXR signaling to ameliorate metabolic dysfunction-associated fatty liver disease.
doi:101016jmaturitas202006012,2020,DROPPED,ingredient not in title/abstract,omega3_trial_title_level,omega-3 named in TITLE,FALSE_NEGATIVE,"Effect of long-term omega-3 supplementation and a lifestyle multidomain intervention on intrinsic capacity among community-dwelling older adults: Secondary analysis of a randomized, placebo-controlled"
doi:101016jnrleng201909009,2022,DROPPED,ingredient not in title/abstract,omega3_trial_title_level,omega-3 named in TITLE,FALSE_NEGATIVE,Impulsiveness in children with attention-deficit/hyperactivity disorder after an 8-week intervention with the Mediterranean diet and/or omega-3 fatty acids: a randomised clinical trial.
doi:101016jophtha202407014,2025,DROPPED,ingredient not in title/abstract,omega3_trial_abstract_level,omega-3 + intervention phrasing in abstract,FALSE_NEGATIVE,Oral Antioxidant and Lutein/Zeaxanthin Supplements Slow Geographic Atrophy Progression to the Fovea in Age-Related Macular Degeneration.
doi:101016jplefa2019102041,2020,DROPPED,ingredient not in title/abstract,omega3_trial_title_level,omega-3 named in TITLE,FALSE_NEGATIVE,Plasma oxylipins and unesterified precursor fatty acids are altered by DHA supplementation in pregnancy: Can they help predict risk of preterm birth?
doi:101016jplefa2023102588,2023,DROPPED,ingredient not in title/abstract,omega3_trial_title_level,omega-3 named in TITLE,FALSE_NEGATIVE,Effect of maternal fish oil supplementation during lactation on socioemotional wellbeing and physical activity in 13-year-old children: A randomized clinical trial.
doi:101016jplefa2024102623,2024,DROPPED,ingredient not in title/abstract,omega3_trial_title_level,omega-3 named in TITLE,FALSE_NEGATIVE,"APOE genotype, eicosapentaenoic acid (EPA) supplementation and n-3 highly unsaturated fatty acid (HUFA) levels in patients with multiple colorectal polyps: A secondary analysis of the seAFOod polyp pr"
doi:101016jplefa2024102655,2024,DROPPED,ingredient not in title/abstract,omega3_trial_title_level,omega-3 named in TITLE,FALSE_NEGATIVE,Sex differences in lipid mediators derived from omega-3 fatty acids in older individuals with low-grade chronic inflammation.
doi:101016jredox2025103617,2025,DROPPED,ingredient not in title/abstract,omega3_trial_title_level,omega-3 named in TITLE,FALSE_NEGATIVE,Effects of Omega-3 PUFAs on lipid profiles and antioxidant response in depressed adolescents: A metabolomic and lipidomic study.
doi:101016jschres201908033,2020,DROPPED,ingredient not in title/abstract,omega3_trial_title_level,omega-3 named in TITLE,FALSE_NEGATIVE,"Supplementation with the omega-3 long chain polyunsaturated fatty acids: Changes in the concentrations of omega-3 index, fatty acids and molecular phospholipids of people at ultra high risk of develop"
doi:101016jtjnut202403004,2024,DROPPED,ingredient not in title/abstract,omega3_trial_title_level,omega-3 named in TITLE,FALSE_NEGATIVE,"Maternal and Offspring Fatty Acid Desaturase Variants, Prenatal DHA Supplementation, and Dietary n-6:n-3 Fatty Acid Ratio in Relation to Cardiometabolic Health in Mexican Children."
doi:101016jtransproceed201901067,2019,DROPPED,ingredient not in title/abstract,omega3_trial_title_level,omega-3 named in TITLE,FALSE_NEGATIVE,Marine n-3 Polyunsaturated Fatty Acid Supplementation and Quality of Life After Kidney Transplant.
doi:101017s0007114517002914,2017,DROPPED,ingredient not in title/abstract,omega3_trial_title_level,omega-3 named in TITLE,FALSE_NEGATIVE,"Effects of prenatal n-3 fatty acid supplementation on offspring resolvins at birth and 12 years of age: a double-blind, randomised controlled clinical trial."
doi:101017s0007114520002044,2020,DROPPED,ingredient not in title/abstract,omega3_trial_title_level,omega-3 named in TITLE,FALSE_NEGATIVE,Dietary supplementation with seed oil from transgenic <i>Camelina sativa</i> induces similar increments in plasma and erythrocyte DHA and EPA to fish oil in healthy humans.
doi:101037hea0001301,2023,DROPPED,ingredient not in title/abstract,omega3_trial_title_level,omega-3 named in TITLE,FALSE_NEGATIVE,Omega-3 fatty acids reduce depressive symptoms only among the socially stressed: A corollary of the social signal transduction theory of depression.
doi:101038s41386022015277,2023,DROPPED,ingredient not in title/abstract,omega3_trial_title_level,omega-3 named in TITLE,FALSE_NEGATIVE,Clinical response to EPA supplementation in patients with major depressive disorder is associated with higher plasma concentrations of pro-resolving lipid mediators.
doi:101038s41390025039135,2025,DROPPED,ingredient not in title/abstract,omega3_trial_abstract_level,omega-3 + intervention phrasing in abstract,FALSE_NEGATIVE,Omega and heart rate variability in overweight and obese schoolchildren.
doi:101038s41398025034018,2025,DROPPED,ingredient not in title/abstract,omega3_trial_abstract_level,omega-3 + intervention phrasing in abstract,FALSE_NEGATIVE,Major depressive disorder in children and adolescents is associated with reduced hair cortisol and anandamide (AEA): cross-sectional and longitudinal evidence from a large randomized clinical trial.
doi:101038s41433025041055,2026,DROPPED,ingredient not in title/abstract,omega3_trial_abstract_level,omega-3 + intervention phrasing in abstract,FALSE_NEGATIVE,Association between lid margin collarettes and dry eye disease severity in the Dry Eye Assessment and Management (DREAM) study.
doi:101038s4144302200598w,2024,DROPPED,ingredient not in title/abstract,omega3_trial_title_level,omega-3 named in TITLE,FALSE_NEGATIVE,Effect of Omega-3 fatty acid supplementation on sexual function of pregnant women: a double blind randomized controlled trial.
doi:101038s41598025132097,2025,DROPPED,ingredient not in title/abstract,omega3_trial_abstract_level,omega-3 + intervention phrasing in abstract,FALSE_NEGATIVE,A preliminary study of lipid complex supplementation on fatty acid profile and blood antioxidant status after downhill running in athletes.
doi:101038s41598026443391,2026,DROPPED,ingredient not in title/abstract,omega3_trial_title_level,omega-3 named in TITLE,FALSE_NEGATIVE,Improved muscle recovery after omega-3 supplementation is associated with increased oxylipin availability.
doi:101056nejmoa1816832,2019,DROPPED,ingredient not in title/abstract,omega3_trial_title_level,omega-3 named in TITLE,FALSE_NEGATIVE,A Randomized Trial of Prenatal n-3 Fatty Acid Supplementation and Preterm Delivery.
doi:1010800785389020211936151,2021,DROPPED,ingredient not in title/abstract,omega3_trial_title_level,omega-3 named in TITLE,FALSE_NEGATIVE,Supplementation of EPA and DHA in pregnant women with type 1 diabetes mellitus.
doi:1010800954663420232299107,2024,DROPPED,ingredient not in title/abstract,omega3_trial_abstract_level,omega-3 + intervention phrasing in abstract,FALSE_NEGATIVE,The adjuvant treatment role of ω-3 fatty acids by regulating gut microbiota positively in the acne vulgaris.
doi:1010801550278320222117994,2022,DROPPED,ingredient not in title/abstract,omega3_trial_title_level,omega-3 named in TITLE,FALSE_NEGATIVE,Omega-3 fatty acids enhance the beneficial effect of BCAA supplementation on muscle function following eccentric contractions.
doi:1010801550278320232174704,2023,DROPPED,ingredient not in title/abstract,omega3_trial_title_level,omega-3 named in TITLE,FALSE_NEGATIVE,The effect of fish oil supplementation on resistance training-induced adaptations.
doi:1010801550278320262658774,2026,DROPPED,ingredient not in title/abstract,omega3_trial_title_level,omega-3 named in TITLE,FALSE_NEGATIVE,Effects of eight weeks of eicosapentaenoic acid and medium-chain triacylglycerol structured lipid intake on EPA/AA ratio and muscle performance in young men.
doi:1010801949097620201863133,2021,DROPPED,ingredient not in title/abstract,omega3_trial_title_level,omega-3 named in TITLE,FALSE_NEGATIVE,The prebiotic effects of omega-3 fatty acid supplementation: A six-week randomised intervention trial.
doi:1010801949097620242438823,2025,DROPPED,ingredient not in title/abstract,omega3_trial_abstract_level,omega-3 + intervention phrasing in abstract,FALSE_NEGATIVE,Multifunctional dietary approach reduces intestinal inflammation in relation with changes in gut microbiota composition in subjects at cardiometabolic risk: the SINFONI project.
doi:101093geronaglad260,2024,DROPPED,ingredient not in title/abstract,omega3_trial_title_level,omega-3 named in TITLE,FALSE_NEGATIVE,Apolipoprotein E and Its Association With Cognitive Change and Modification of Treatment Effects of Vitamin D3 and Omega-3s on Cognitive Change: Results From the In-Clinic Subset of a Randomized Clini
doi:101093jbmrzjaf058,2025,DROPPED,ingredient not in title/abstract,omega3_trial_title_level,omega-3 named in TITLE,FALSE_NEGATIVE,"Effects of vitamin D3, omega-3s, and a simple home exercise program on incident vertebral fractures: the DO-HEALTH randomized controlled trial."
doi:101093jbmrzjaf172,2026,DROPPED,ingredient not in title/abstract,omega3_trial_title_level,omega-3 named in TITLE,FALSE_NEGATIVE,The effects of marine fatty acid omega-3 supplements on incident fractures and bone mineral density in generally healthy adults.
doi:101093milmedusad365,2024,DROPPED,ingredient not in title/abstract,omega3_trial_abstract_level,omega-3 + intervention phrasing in abstract,FALSE_NEGATIVE,Narcissism Is Not Associated With Success in U.S. Army Soldier Training.
doi:101097ju0000000000002942,2023,DROPPED,ingredient not in title/abstract,omega3_trial_abstract_level,omega-3 + intervention phrasing in abstract,FALSE_NEGATIVE,Effect of Vitamin D Supplementation on Overactive Bladder and Urinary Incontinence Symptoms in Older Men: Ancillary Findings From a Randomized Trial.
doi:101097wad0000000000000674,2025,DROPPED,ingredient not in title/abstract,omega3_trial_title_level,omega-3 named in TITLE,FALSE_NEGATIVE,Effects of docosahexaenoic acid supplementation on aggressive behavior among people with dementia: Secondary data analysis of a randomized clinical trial.
doi:101111bdi13110,2022,DROPPED,ingredient not in title/abstract,omega3_trial_title_level,omega-3 named in TITLE,FALSE_NEGATIVE,Fish oil supplementation alters emotion-generated corticolimbic functional connectivity in depressed adolescents at high-risk for bipolar I disorder: A 12-week placebo-controlled fMRI trial.
doi:101111eci12998,2018,DROPPED,ingredient not in title/abstract,omega3_trial_title_level,omega-3 named in TITLE,FALSE_NEGATIVE,Polyunsaturated fatty acids supplementation impairs anti-oxidant high-density lipoprotein function in heart failure.
doi:101111ene14623,2021,DROPPED,ingredient not in title/abstract,omega3_trial_title_level,omega-3 named in TITLE,FALSE_NEGATIVE,Effect of vitamin D and/or omega-3 fatty acid supplementation on stroke outcomes: A randomized trial.
doi:101111ene16429,2024,DROPPED,ingredient not in title/abstract,omega3_trial_abstract_level,omega-3 + intervention phrasing in abstract,FALSE_NEGATIVE,Baseline engagement with healthy lifestyles and their associations with health outcomes in people with multiple sclerosis enrolled in an online multimodal lifestyle course.
doi:101111ijpo12499,2019,DROPPED,ingredient not in title/abstract,omega3_trial_abstract_level,omega-3 + intervention phrasing in abstract,FALSE_NEGATIVE,A randomized control trial of the impact of LCPUFA-ω3 supplementation on body weight and insulin resistance in pubertal children with obesity.
doi:101111iwj13957,2023,DROPPED,ingredient not in title/abstract,omega3_trial_abstract_level,omega-3 + intervention phrasing in abstract,FALSE_NEGATIVE,Monitoring and modifying recruitment and retention strategies for an ongoing randomised clinical trial with venous leg ulcer patients: Overcoming barriers to participation.
doi:101111jar13041,2023,DROPPED,ingredient not in title/abstract,omega3_trial_abstract_level,omega-3 + intervention phrasing in abstract,FALSE_NEGATIVE,Dietary supplements for aggressive behaviour in people with intellectual disabilities: A randomised controlled crossover trial.
doi:101111jgs19266,2025,DROPPED,ingredient not in title/abstract,omega3_trial_title_level,omega-3 named in TITLE,FALSE_NEGATIVE,"Effect of vitamin D, omega-3 supplementation, or a home exercise program on muscle mass and sarcopenia: DO-HEALTH trial."
doi:101111jocd16513,2024,DROPPED,ingredient not in title/abstract,omega3_trial_title_level,omega-3 named in TITLE,FALSE_NEGATIVE,"Krill oil supplementation improves transepidermal water loss, hydration and elasticity of the skin in healthy adults: Results from two randomized, double-blind, placebo-controlled, dose-finding pilot "
doi:101111joim13442,2022,DROPPED,ingredient not in title/abstract,omega3_trial_title_level,omega-3 named in TITLE,FALSE_NEGATIVE,Changes in eicosapentaenoic acid and docosahexaenoic acid and risk of cardiovascular events and atrial fibrillation: A secondary analysis of the OMEMI trial.
doi:101111nbu12619,2023,DROPPED,ingredient not in title/abstract,omega3_trial_abstract_level,omega-3 + intervention phrasing in abstract,FALSE_NEGATIVE,"Effects of antioxidant supplementation on bone mineral density, bone mineral content and bone structure in healthy men during 60 days of 6° head-down tilt bed rest: Results from a randomised controlle"
doi:101111pai70365,2026,DROPPED,ingredient not in title/abstract,omega3_trial_abstract_level,omega-3 + intervention phrasing in abstract,FALSE_NEGATIVE,Maternal characteristics associated with ovalbumin concentrations in breast milk.
doi:101123ijsnem20160325,2017,DROPPED,ingredient not in title/abstract,omega3_trial_title_level,omega-3 named in TITLE,FALSE_NEGATIVE,"n-3 Fatty Acid Supplementation During 4 Weeks of Training Leads to Improved Anaerobic Endurance Capacity, but not Maximal Strength, Speed, or Power in Soccer Players."
doi:101123ijsnem20220047,2022,DROPPED,ingredient not in title/abstract,omega3_trial_abstract_level,omega-3 + intervention phrasing in abstract,FALSE_NEGATIVE,No Effect of Calanus Oil on Maximal Oxygen Uptake in Healthy Participants: A Randomized Controlled Study.
doi:101136bmjopen2022070220,2023,DROPPED,ingredient not in title/abstract,omega3_trial_title_level,omega-3 named in TITLE,FALSE_NEGATIVE,Identifying women who may benefit from higher dose omega-3 supplementation during pregnancy to reduce their risk of prematurity: exploratory analyses from the ORIP trial.
doi:101136bmjopen2023076507,2023,DROPPED,ingredient not in title/abstract,omega3_trial_title_level,omega-3 named in TITLE,FALSE_NEGATIVE,Predictors of compliance with higher dose omega-3 fatty acid supplementation during pregnancy and implications for the risk of prematurity: exploratory analysis of the ORIP randomised trial.
doi:101139apnm20190729,2020,DROPPED,ingredient not in title/abstract,omega3_trial_title_level,omega-3 named in TITLE,FALSE_NEGATIVE,Oral supplementation with omega-3 fatty acids and inflammation markers in patients with chronic kidney disease in hemodialysis.
doi:1011771557988317720581,2017,DROPPED,ingredient not in title/abstract,omega3_trial_title_level,omega-3 named in TITLE,FALSE_NEGATIVE,Effect of Omega-3 Polyunsaturated Fatty Acids Supplementation on Body Composition and Circulating Levels of Follistatin-Like 1 in Males With Coronary Artery Disease: A Randomized Double-Blind Clinical
doi:101186s1293702501200x,2025,DROPPED,ingredient not in title/abstract,omega3_trial_abstract_level,omega-3 + intervention phrasing in abstract,FALSE_NEGATIVE,"Effects of spirulina (Arthrospira) platensis supplementation on inflammation, physical and mental quality of life, and anthropometric measures in patients with relapsing-remitting multiple sclerosis ("
doi:101186s1294401706170,2017,DROPPED,ingredient not in title/abstract,omega3_trial_title_level,omega-3 named in TITLE,FALSE_NEGATIVE,Effects of 12-week supplementation of marine Omega-3 PUFA-based formulation Omega3Q10 in older adults with prehypertension and/or elevated blood cholesterol.
doi:101186s129440190967x,2019,DROPPED,ingredient not in title/abstract,omega3_trial_title_level,omega-3 named in TITLE,FALSE_NEGATIVE,Curcumin and/or omega-3 polyunsaturated fatty acids supplementation reduces insulin resistance and blood lipids in individuals with high risk of type 2 diabetes: a randomised controlled trial.
doi:101186s12944023018388,2023,DROPPED,ingredient not in title/abstract,omega3_trial_abstract_level,omega-3 + intervention phrasing in abstract,FALSE_NEGATIVE,"Icosapent ethyl therapy for very high triglyceride levels: a 12-week, multi-center, placebo-controlled, randomized, double-blinded, phase III clinical trial in China."
doi:101186s12970020004051,2021,DROPPED,ingredient not in title/abstract,omega3_trial_title_level,omega-3 named in TITLE,FALSE_NEGATIVE,The effect of Omega-3 polyunsaturated fatty acid supplementation on exercise-induced muscle damage.
doi:101186s1297002100411x,2021,DROPPED,ingredient not in title/abstract,omega3_trial_title_level,omega-3 named in TITLE,FALSE_NEGATIVE,4-week eicosapentaenoic acid-rich fish oil supplementation partially protects muscular damage following eccentric contractions.
doi:101186s13063026095514,2026,DROPPED,ingredient not in title/abstract,omega3_trial_title_level,omega-3 named in TITLE,FALSE_NEGATIVE,Factors associated with adherence to allocated treatment in the ASCEND trial: a mail-based randomised trial of aspirin and of omega-3 fatty acid supplementation in people with diabetes.
doi:101210clinemdgaa630,2020,DROPPED,ingredient not in title/abstract,omega3_trial_abstract_level,omega-3 + intervention phrasing in abstract,FALSE_NEGATIVE,Exercise Training Reduces Inflammation of Adipose Tissue in the Elderly: Cross-Sectional and Randomized Interventional Trial.
doi:101210clinemdgaa981,2021,DROPPED,ingredient not in title/abstract,omega3_trial_title_level,omega-3 named in TITLE,FALSE_NEGATIVE,Effects of Vitamin D3 Supplementation on Body Composition in the VITamin D and OmegA-3 TriaL (VITAL).
doi:101210clinemdgae150,2024,DROPPED,ingredient not in title/abstract,omega3_trial_title_level,omega-3 named in TITLE,FALSE_NEGATIVE,"Effects of Supplemental Vitamin D3, Omega-3 Fatty Acids on Physical Performance Measures in the VITamin D and OmegA-3 TriaL."
doi:101249mss0000000000003117,2023,DROPPED,ingredient not in title/abstract,omega3_trial_title_level,omega-3 named in TITLE,FALSE_NEGATIVE,The Dose-Response Effect of Docosahexaenoic Acid on the Omega-3 Index in American Football Athletes.
doi:101371journalpone0265462,2023,DROPPED,ingredient not in title/abstract,omega3_trial_title_level,omega-3 named in TITLE,FALSE_NEGATIVE,Comparative membrane incorporation of omega-3 fish oil triglyceride preparations differing by degree of re-esterification: A sixteen-week randomized intervention trial.
doi:101515jbcpp20240148,2024,DROPPED,ingredient not in title/abstract,omega3_trial_title_level,omega-3 named in TITLE,FALSE_NEGATIVE,"Effect of omega-3 fatty acids supplementation on muscle mass, fat mass, and visceral fat of hemodialysis patients; A randomized clinical trial."
doi:1020960nh03847,2022,DROPPED,ingredient not in title/abstract,omega3_trial_abstract_level,omega-3 + intervention phrasing in abstract,FALSE_NEGATIVE,"Effect of immunonutrition on serum levels of C-reactive protein and lymphocytes in patients with COVID-19: a randomized, controlled, double-blind clinical trial."
doi:1020960nh03992,2022,DROPPED,ingredient not in title/abstract,omega3_trial_title_level,omega-3 named in TITLE,FALSE_NEGATIVE,The effect of omega-3 fatty acid supplementation on weight loss and cognitive function in overweight or obese individuals on weight-loss diet.
doi:1020960nh2338,2019,DROPPED,ingredient not in title/abstract,omega3_trial_title_level,omega-3 named in TITLE,FALSE_NEGATIVE,"Effects of omega-3 fatty acids supplementation on neoadjuvant chemotherapy-induced toxicity in patients with locally advanced breast cancer: a randomized, controlled, double-blinded clinical trial."
doi:1021037apm211018,2021,DROPPED,ingredient not in title/abstract,omega3_trial_title_level,omega-3 named in TITLE,FALSE_NEGATIVE,The effect of combined supplementation with vitamin D and omega-3 fatty acids on blood glucose and blood lipid levels in patients with gestational diabetes.
doi:102147cias368079,2022,DROPPED,ingredient not in title/abstract,omega3_trial_abstract_level,omega-3 + intervention phrasing in abstract,FALSE_NEGATIVE,Calanus Oil Supplementation Does Not Further Improve Short-Term Memory or Brain-Derived Neurotrophic Factor in Older Women Who Underwent Exercise Training.
doi:102337db210136,2021,DROPPED,ingredient not in title/abstract,omega3_trial_title_level,omega-3 named in TITLE,FALSE_NEGATIVE,Investigating the Neuroprotective Effect of Oral Omega-3 Fatty Acid Supplementation in Type 1 Diabetes (nPROOFS1): A Randomized Placebo-Controlled Trial.
doi:1026355eurrev20220729290,2022,DROPPED,ingredient not in title/abstract,omega3_trial_title_level,omega-3 named in TITLE,FALSE_NEGATIVE,Comparative effectiveness of adding Omega-3 or Vitamin D to standard therapy in preventing and treating episodes of painful crisis in pediatric sickle cell patients.
doi:1026355eurrev20221030021,2022,DROPPED,ingredient not in title/abstract,omega3_trial_title_level,omega-3 named in TITLE,FALSE_NEGATIVE,Cost-effectiveness analysis of adding omega-3 or vitamin D supplementation to standard therapy in treating painful crises of pediatric sickle cell disease patients.
doi:1029262ramv72i41552,2025,DROPPED,ingredient not in title/abstract,omega3_trial_title_level,omega-3 named in TITLE,FALSE_NEGATIVE,"[High-dose omega-3 fatty acid supplementation in patients with persistent allergic rhinitis sensitized to perennial allergens: a randomized, placebo-controlled clinical trial]."
doi:103177jnsv66s47,2020,DROPPED,ingredient not in title/abstract,omega3_trial_title_level,omega-3 named in TITLE,FALSE_NEGATIVE,Supplementation of Catfish (Clarias gariepinus) Oil Enriched with Omega-3 Soft Capsule Improves Oxidative Stress and Cognitive Function in Elderly.
doi:103233jad220234,2022,DROPPED,ingredient not in title/abstract,omega3_trial_abstract_level,omega-3 + intervention phrasing in abstract,FALSE_NEGATIVE,"Effects of a 6-Month Multifaceted Diet and Exercise Intervention on Cognition in Older Adults at Risk of Cognitive Decline: The PONDER Double-Blind, Placebo-Controlled Randomized Trial."
doi:103389fendo20251531762,2025,DROPPED,ingredient not in title/abstract,omega3_trial_abstract_level,omega-3 + intervention phrasing in abstract,FALSE_NEGATIVE,Flaxseed intervention and reproductive endocrine profiles in patients with polycystic ovary syndrome: an open-labeled randomized controlled clinical trial.
doi:103390ijerph192013574,2022,DROPPED,ingredient not in title/abstract,omega3_trial_title_level,omega-3 named in TITLE,FALSE_NEGATIVE,"Krill Oil Supplementation Does Not Change Waist Circumference and Sagittal Abdominal Diameter in Overweight Women: A Pilot Balanced, Double-Blind, and Placebo-Controlled Clinical Trial."
doi:103390ijms24108567,2023,DROPPED,ingredient not in title/abstract,omega3_trial_title_level,omega-3 named in TITLE,FALSE_NEGATIVE,"Potential Modulation of Inflammation and Physical Function by Combined Probiotics, Omega-3 Supplementation and Vitamin D Supplementation in Overweight/Obese Patients with Chronic Low-Grade Inflammatio"
doi:103390ijms25136917,2024,DROPPED,ingredient not in title/abstract,omega3_trial_abstract_level,omega-3 + intervention phrasing in abstract,FALSE_NEGATIVE,"Assessing the Potential of an Enzymatically Liberated Salmon Oil to Support Immune Health Recovery from Acute SARS-CoV-2 Infection via Change in the Expression of Cytokine, Chemokine and Interferon-Re"
doi:103390md19120700,2021,DROPPED,ingredient not in title/abstract,omega3_trial_title_level,omega-3 named in TITLE,FALSE_NEGATIVE,Oral Bioavailability of Omega-3 Fatty Acids and Carotenoids from the Microalgae <i>Phaeodactylum tricornutum</i> in Healthy Young Adults.
doi:103390md20110716,2022,DROPPED,ingredient not in title/abstract,omega3_trial_title_level,omega-3 named in TITLE,FALSE_NEGATIVE,Potentially Beneficial Effects on Healthy Aging by Supplementation of the EPA-Rich Microalgae <i>Phaeodactylum tricornutum</i> or Its Supernatant-A Randomized Controlled Pilot Trial in Elderly Individ
doi:103390md23040139,2025,DROPPED,ingredient not in title/abstract,omega3_trial_abstract_level,omega-3 + intervention phrasing in abstract,FALSE_NEGATIVE,Calanus Oil and Lifestyle Interventions Improve Glucose Homeostasis in Obese Subjects with Insulin Resistance.
doi:103390medicina60081366,2024,DROPPED,ingredient not in title/abstract,omega3_trial_abstract_level,omega-3 + intervention phrasing in abstract,FALSE_NEGATIVE,"Use of a Micronutrient Cocktail to Improve Metabolic Dysfunction-Associated Steatotic Liver Disease (MASLD) in Adults with Obesity: A Randomized, Double-Blinded Pilot Clinical Trial."
doi:103390medicina61010043,2024,DROPPED,ingredient not in title/abstract,omega3_trial_title_level,omega-3 named in TITLE,FALSE_NEGATIVE,The Role of Omega-3 Polyunsaturated Fatty Acids in Patients with Metabolic Syndrome and Endothelial Dysfunction.
doi:103390nu10121908,2018,DROPPED,ingredient not in title/abstract,omega3_trial_title_level,omega-3 named in TITLE,FALSE_NEGATIVE,Maternal Pre-Pregnancy Obesity Attenuates Response to Omega-3 Fatty Acids Supplementation During Pregnancy.
doi:103390nu11061230,2019,DROPPED,ingredient not in title/abstract,omega3_trial_title_level,omega-3 named in TITLE,FALSE_NEGATIVE,Effect of 1 Year Krill Oil Supplementation on Cognitive Achievement of Dutch Adolescents: A Double-Blind Randomized Controlled Trial.
doi:103390nu12020325,2020,DROPPED,ingredient not in title/abstract,omega3_trial_title_level,omega-3 named in TITLE,FALSE_NEGATIVE,The Effects of a 6-Month High Dose Omega-3 and Omega-6 Polyunsaturated Fatty Acids and Antioxidant Vitamins Supplementation on Cognitive Function and Functional Capacity in Older Adults with Mild Cogn
doi:103390nu12030708,2020,DROPPED,ingredient not in title/abstract,omega3_trial_title_level,omega-3 named in TITLE,FALSE_NEGATIVE,The Effect of DHA Supplementation on Cognition in Patients with Bipolar Disorder: An Exploratory Randomized Control Trial.
doi:103390nu12030719,2020,DROPPED,ingredient not in title/abstract,omega3_trial_title_level,omega-3 named in TITLE,FALSE_NEGATIVE,"Supplementation of Re-Esteriﬁed Docosahexaenoic and Eicosapentaenoic Acids Reduce Inflammatory and Muscle Damage Markers after Exercise in Endurance Athletes: A Randomized, Controlled Crossover Trial."
doi:103390nu12041017,2020,DROPPED,ingredient not in title/abstract,omega3_trial_title_level,omega-3 named in TITLE,FALSE_NEGATIVE,"High Variability in Erythrocyte, Plasma and Whole Blood EPA and DHA Levels in Response to Supplementation."
doi:103390nu12061869,2020,DROPPED,ingredient not in title/abstract,omega3_trial_title_level,omega-3 named in TITLE,FALSE_NEGATIVE,"Omega-3 Eicosapentaenoic Acid (EPA) Rich Extract from the Microalga <i>Nannochloropsis</i> Decreases Cholesterol in Healthy Individuals: A Double-Blind, Randomized, Placebo-Controlled, Three-Month Sup"
doi:103390nu12082246,2020,DROPPED,ingredient not in title/abstract,omega3_trial_title_level,omega-3 named in TITLE,FALSE_NEGATIVE,Impact of Varying Dosages of Fish Oil on Recovery and Soreness Following Eccentric Exercise.
doi:103390nu12082400,2020,DROPPED,ingredient not in title/abstract,omega3_trial_abstract_level,omega-3 + intervention phrasing in abstract,FALSE_NEGATIVE,Space Flight Diet-Induced Deficiency and Response to Gravity-Free Resistive Exercise.
doi:103390nu12092617,2020,DROPPED,ingredient not in title/abstract,omega3_trial_abstract_level,omega-3 + intervention phrasing in abstract,FALSE_NEGATIVE,"The Effect of Dietary Supplementation on Aggressive Behaviour in Australian Adult Male Prisoners: A Feasibility and Pilot Study for a Randomised, Double Blind Placebo Controlled Trial."
doi:103390nu12092701,2020,DROPPED,ingredient not in title/abstract,omega3_trial_title_level,omega-3 named in TITLE,FALSE_NEGATIVE,Effects of Maternal Fish Oil and/or 5-Methyl-Tetrahydrofolate Supplementation during Pregnancy on Offspring Brain Resting-State at 10 Years Old: A Follow-Up Study from the NUHEAL Randomized Controlled
doi:103390nu12092804,2020,DROPPED,ingredient not in title/abstract,omega3_trial_title_level,omega-3 named in TITLE,FALSE_NEGATIVE,Krill Oil Has Different Effects on the Plasma Lipidome Compared with Fish Oil Following 30 Days of Supplementation in Healthy Women: A Randomized Controlled and Crossover Study.
doi:103390nu12102902,2020,DROPPED,ingredient not in title/abstract,omega3_trial_title_level,omega-3 named in TITLE,FALSE_NEGATIVE,An Exploratory Analysis of Changes in Mental Wellbeing Following Curcumin and Fish Oil Supplementation in Middle-Aged and Older Adults.
doi:103390nu12123849,2020,DROPPED,ingredient not in title/abstract,omega3_trial_title_level,omega-3 named in TITLE,FALSE_NEGATIVE,"Multiple Micronutrients, Lutein, and Docosahexaenoic Acid Supplementation during Lactation: A Randomized Controlled Trial."
doi:103390nu13020456,2021,DROPPED,ingredient not in title/abstract,omega3_trial_title_level,omega-3 named in TITLE,FALSE_NEGATIVE,"The Effect of Omega-3 Fatty Acid Supplementation on Serum Adipocytokines, Lipid Profile and Biochemical Markers of Inflammation in Recreational Runners."
doi:103390nu13020578,2021,DROPPED,ingredient not in title/abstract,omega3_trial_title_level,omega-3 named in TITLE,FALSE_NEGATIVE,"Effect of Omega-3 Supplementation in Pregnant Women with Obesity on Newborn Body Composition, Growth and Length of Gestation: A Randomized Controlled Pilot Study."
doi:103390nu13030730,2021,DROPPED,ingredient not in title/abstract,omega3_trial_title_level,omega-3 named in TITLE,FALSE_NEGATIVE,Prenatal Maternal Docosahexaenoic Acid (DHA) Supplementation and Newborn Anthropometry in India: Findings from DHANI.
doi:103390nu13061854,2021,DROPPED,ingredient not in title/abstract,omega3_trial_title_level,omega-3 named in TITLE,FALSE_NEGATIVE,Impact of Fatty Acid Supplementation on Cognitive Performance among United States (US) Military Officers: The Ranger Resilience and Improved Performance on Phospholipid-Bound Omega-3's (RRIPP-3) Study
doi:103390nu13072361,2021,DROPPED,ingredient not in title/abstract,omega3_trial_title_level,omega-3 named in TITLE,FALSE_NEGATIVE,"Marine n-3 Polyunsaturated Fatty Acids and Bone Mineral Density in Kidney Transplant Recipients: A Randomized, Placebo-Controlled Trial."
doi:103390nu13072465,2021,DROPPED,ingredient not in title/abstract,omega3_trial_title_level,omega-3 named in TITLE,FALSE_NEGATIVE,Effects of DHA-Rich n-3 Fatty Acid Supplementation and/or Resistance Training on Body Composition and Cardiometabolic Biomarkers in Overweight and Obese Post-Menopausal Women.
doi:103390nu13092996,2021,DROPPED,ingredient not in title/abstract,omega3_trial_title_level,omega-3 named in TITLE,FALSE_NEGATIVE,The Influence of Prenatal DHA Supplementation on Individual Domains of Behavioral Functioning in School-Aged Children: Follow-Up of a Randomized Controlled Trial.
doi:103390nu13093096,2021,DROPPED,ingredient not in title/abstract,omega3_trial_title_level,omega-3 named in TITLE,FALSE_NEGATIVE,The Effect of Caloric Restriction with and without n-3 PUFA Supplementation on Bone Turnover Markers in Blood of Subjects with Abdominal Obesity: A Randomized Placebo-Controlled Trial.
doi:103390nu13093116,2021,DROPPED,ingredient not in title/abstract,omega3_trial_title_level,omega-3 named in TITLE,FALSE_NEGATIVE,Dietary Supplementation with Transgenic &lt;i&gt;Camelina sativa&lt;/i&gt; Oil Containing 20:5n-3 and 22:6n-3 or Fish Oil Induces Differential Changes in the Transcriptome of CD3&lt;sup&gt;+&lt;/sup&g
doi:103390nu13103661,2021,DROPPED,ingredient not in title/abstract,omega3_trial_title_level,omega-3 named in TITLE,FALSE_NEGATIVE,The Effects of Specific Omega-3 and Omega-6 Polyunsaturated Fatty Acids and Antioxidant Vitamins on Gait and Functional Capacity Parameters in Patients with Relapsing-Remitting Multiple Sclerosis.
doi:103390nu13124237,2021,DROPPED,ingredient not in title/abstract,omega3_trial_title_level,omega-3 named in TITLE,FALSE_NEGATIVE,"Krill-Oil-Dependent Increases in HS-Omega-3 Index, Plasma Choline and Antioxidant Capacity in Well-Conditioned Power Training Athletes."
doi:103390nu13124248,2021,DROPPED,ingredient not in title/abstract,omega3_trial_title_level,omega-3 named in TITLE,FALSE_NEGATIVE,Higher-Dose DHA Supplementation Modulates Immune Responses in Pregnancy and Is Associated with Decreased Preterm Birth.
doi:103390nu14050992,2022,DROPPED,ingredient not in title/abstract,omega3_trial_abstract_level,omega-3 + intervention phrasing in abstract,FALSE_NEGATIVE,Targeting the Gut Microbiota of Vertically HIV-Infected Children to Decrease Inflammation and Immunoactivation: A Pilot Clinical Trial.
doi:103390nu14051017,2022,DROPPED,ingredient not in title/abstract,omega3_trial_abstract_level,omega-3 + intervention phrasing in abstract,FALSE_NEGATIVE,Food and Nutrient Displacement by Walnut Supplementation in a Randomized Crossover Study.
doi:103390nu14071397,2022,DROPPED,ingredient not in title/abstract,omega3_trial_title_level,omega-3 named in TITLE,FALSE_NEGATIVE,"Effect of Vitamin D and Docosahexaenoic Acid Co-Supplementation on Vitamin D Status, Body Composition, and Metabolic Markers in Obese Children: A Randomized, Double Blind, Controlled Study."
doi:103390nu14102139,2022,DROPPED,ingredient not in title/abstract,omega3_trial_title_level,omega-3 named in TITLE,FALSE_NEGATIVE,Effects of Fish Oil on Biomarkers of Axonal Injury and Inflammation in American Football Players: A Placebo-Controlled Randomized Controlled Trial.
doi:103390nu14142844,2022,DROPPED,ingredient not in title/abstract,omega3_trial_title_level,omega-3 named in TITLE,FALSE_NEGATIVE,Randomised Controlled Trial of Fish Oil Supplementation on Responsiveness to Resistance Exercise Training in Sarcopenic Older Women.
doi:103390nu14194136,2022,DROPPED,ingredient not in title/abstract,omega3_trial_title_level,omega-3 named in TITLE,FALSE_NEGATIVE,"Effect of Docosahexaenoic Acid and Eicosapentaenoic Acid Supplementation on Sleep Quality in Healthy Subjects: A Randomized, Double-Blinded, Placebo-Controlled Trial."
doi:103390nu15020335,2023,DROPPED,ingredient not in title/abstract,omega3_trial_title_level,omega-3 named in TITLE,FALSE_NEGATIVE,"Effect of Docosahexaenoic Acid (DHA) Supplementation of Preterm Infants on Growth, Body Composition, and Blood Pressure at 7-Years Corrected Age: Follow-Up of a Randomized Controlled Trial."
doi:103390nu15061499,2023,DROPPED,ingredient not in title/abstract,omega3_trial_abstract_level,omega-3 + intervention phrasing in abstract,FALSE_NEGATIVE,Supplementation with Flaxseed Oil Rich in Alpha-Linolenic Acid Improves Verbal Fluency in Healthy Older Adults.
doi:103390nu15122654,2023,DROPPED,ingredient not in title/abstract,omega3_trial_abstract_level,omega-3 + intervention phrasing in abstract,FALSE_NEGATIVE,"Alleviation of Pain, PAIN Interference, and Oxidative Stress by a Novel Combination of Hemp Oil, Calamari Oil, and Broccoli: A Randomized, Double-Blind, Placebo-Controlled Trial."
doi:103390nu15132825,2023,DROPPED,ingredient not in title/abstract,omega3_trial_title_level,omega-3 named in TITLE,FALSE_NEGATIVE,Effects of Long-Chain Polyunsaturated Fatty Acids in Combination with Lutein and Zeaxanthin on Episodic Memory in Healthy Older Adults.
doi:103390nu15173848,2023,DROPPED,ingredient not in title/abstract,omega3_trial_title_level,omega-3 named in TITLE,FALSE_NEGATIVE,Efficacy of <i>Boswellia serrata</i> Extract and/or an Omega-3-Based Product for Improving Pain and Function in People Older Than 40 Years with Persistent Knee Pain: A Randomized Double-Blind Controll
doi:103390nu15194235,2023,DROPPED,ingredient not in title/abstract,omega3_trial_title_level,omega-3 named in TITLE,FALSE_NEGATIVE,Marine n-3 Fatty Acids and Prevention of Cardiovascular Disease: A Novel Analysis of the VITAL Trial Using Win Ratio and Hierarchical Composite Outcomes.
doi:103390nu15204388,2023,DROPPED,ingredient not in title/abstract,omega3_trial_title_level,omega-3 named in TITLE,FALSE_NEGATIVE,Effects of Varied Omega-3 Fatty Acid Supplementation on Postpartum Mental Health and the Association between Prenatal Erythrocyte Omega-3 Fatty Acid Levels and Postpartum Mental Health.
doi:103390nu15214516,2023,DROPPED,ingredient not in title/abstract,omega3_trial_title_level,omega-3 named in TITLE,FALSE_NEGATIVE,Fish Oil Supplementation with Resistance Exercise Training Enhances Physical Function and Cardiometabolic Health in Postmenopausal Women.
doi:103390nu16010097,2023,DROPPED,ingredient not in title/abstract,omega3_trial_title_level,omega-3 named in TITLE,FALSE_NEGATIVE,"Evaluating the Impact of Omega-3 Fatty Acid (Soloways<sup>TM</sup>) Supplementation on Lipid Profiles in Adults with PPARG Polymorphisms: A Randomized, Double-Blind, Placebo-Controlled Trial."
doi:103390nu16091354,2024,DROPPED,ingredient not in title/abstract,omega3_trial_title_level,omega-3 named in TITLE,FALSE_NEGATIVE,Synbiotic <i>Bacillus megaterium</i> DSM 32963 and n-3 PUFA Salt Composition Elevates Pro-Resolving Lipid Mediator Levels in Healthy Subjects: A Randomized Controlled Study.
doi:103390nu16132023,2024,DROPPED,ingredient not in title/abstract,omega3_trial_abstract_level,omega-3 + intervention phrasing in abstract,FALSE_NEGATIVE,Efficacy of AI-Guided (GenAIS<sup>TM</sup>) Dietary Supplement Prescriptions versus Traditional Methods for Lowering LDL Cholesterol: A Randomized Parallel-Group Pilot Study.
doi:103390nu16172829,2024,DROPPED,ingredient not in title/abstract,omega3_trial_title_level,omega-3 named in TITLE,FALSE_NEGATIVE,Effect of Omega-3 Polyunsaturated Fatty Acid Supplementation on Clinical Outcome of Atopic Dermatitis in Children.
doi:103390nu16172914,2024,DROPPED,ingredient not in title/abstract,omega3_trial_title_level,omega-3 named in TITLE,FALSE_NEGATIVE,"Effects of Supplementation with Omega-3 and Omega-6 Polyunsaturated Fatty Acids and Antioxidant Vitamins, Combined with High-Intensity Functional Training, on Exercise Performance and Body Composition"
doi:103390nu16203522,2024,DROPPED,ingredient not in title/abstract,omega3_trial_title_level,omega-3 named in TITLE,FALSE_NEGATIVE,<i>FADS1</i> Genetic Variant and Omega-3 Supplementation Are Associated with Changes in Fatty Acid Composition in Red Blood Cells of Subjects with Obesity.
doi:103390nu16244263,2024,DROPPED,ingredient not in title/abstract,omega3_trial_title_level,omega-3 named in TITLE,FALSE_NEGATIVE,Boosting Recovery: Omega-3 and Whey Protein Enhance Strength and Ease Muscle Soreness in Female Futsal Players.
doi:103390nu17122008,2025,DROPPED,ingredient not in title/abstract,omega3_trial_title_level,omega-3 named in TITLE,FALSE_NEGATIVE,An Adapted Cardioprotective Diet with or Without Phytosterol and/or Krill Oil Supplementation in Familial Hypercholesterolemia: Results of a Pilot Randomized Clinical Trial.
doi:103390nu17132088,2025,DROPPED,ingredient not in title/abstract,omega3_trial_title_level,omega-3 named in TITLE,FALSE_NEGATIVE,"The Effects of Omega-3 Supplementation Combined with Strength Training on Neuro-Biomarkers, Inflammatory and Antioxidant Responses, and the Lipid Profile in Physically Healthy Adults."
doi:103390nu17142296,2025,DROPPED,ingredient not in title/abstract,omega3_trial_title_level,omega-3 named in TITLE,FALSE_NEGATIVE,Synergistic Effects of Probiotic and Omega-3 Supplementation with Ultra-Short Race Pace Training on Sprint Swimming Performance.
doi:103390nu17152526,2025,DROPPED,ingredient not in title/abstract,omega3_trial_title_level,omega-3 named in TITLE,FALSE_NEGATIVE,Impact of Omega-3 and Vitamin D Supplementation on Bone Turnover Markers in Children with Leukemia: Follow-Up During and After Supplementation.
doi:103390nu17152553,2025,DROPPED,ingredient not in title/abstract,omega3_trial_title_level,omega-3 named in TITLE,FALSE_NEGATIVE,Myokine Circulating Levels in Postmenopausal Women with Overweight or Obesity: Effects of Resistance Training and/or DHA-Rich &lt;i&gt;n&lt;/i&gt;-3 PUFA Supplementation.
doi:103390nu17162664,2025,DROPPED,ingredient not in title/abstract,omega3_trial_abstract_level,omega-3 + intervention phrasing in abstract,FALSE_NEGATIVE,Anti-Inflammatory Diet and Probiotic Supplementation as Strategies to Modulate Immune Dysregulation in Autism Spectrum Disorder.
doi:103390nu17182959,2025,DROPPED,ingredient not in title/abstract,omega3_trial_title_level,omega-3 named in TITLE,FALSE_NEGATIVE,Synbiotic Supplementation with Probiotics and Omega-3 Fatty Acids Enhances Upper-Body Muscle Strength in Elite Swimmers: Evidence for Gut-Muscle Axis Modulation During Race-Pace Training.
doi:103390nu17213408,2025,DROPPED,ingredient not in title/abstract,omega3_trial_title_level,omega-3 named in TITLE,FALSE_NEGATIVE,Effects of Acute Fish Oil Supplementation on Muscle Function and Soreness After Eccentric Contraction-Induced Muscle Damage.
doi:103390nu18030539,2026,DROPPED,ingredient not in title/abstract,omega3_trial_title_level,omega-3 named in TITLE,FALSE_NEGATIVE,Effect of 21-Day Omega-3 Polyunsaturated Fatty Acid Supplementation on Exercise-Induced Secretory Factors and Inflammation Status in Young Men: A Randomized Double-Blind Trial.
doi:103390nu18040567,2026,DROPPED,ingredient not in title/abstract,omega3_trial_abstract_level,omega-3 + intervention phrasing in abstract,FALSE_NEGATIVE,Effects of Structured Lipid Supplementation for Eight Weeks on Substrate Utilization During Moderate Intensity Exercise in Healthy Untrained Men.
doi:103390nu18040611,2026,DROPPED,ingredient not in title/abstract,omega3_trial_title_level,omega-3 named in TITLE,FALSE_NEGATIVE,"Effects of 8 Weeks of Resistance Training Combined with a High-Protein Diet and Omega-3 Supplementation on Body Composition, Muscular Performance, and Muscle-Related Biomarkers in Overweight Women."
doi:103390nu18121914,2026,DROPPED,ingredient not in title/abstract,omega3_trial_title_level,omega-3 named in TITLE,FALSE_NEGATIVE,The Relative Bioavailability of Lutein and Zeaxanthin in the Presence of Omega-3 Supplements and Their Effect on Oxidative Stress Levels in Humans: A Pilot Study.
doi:103390nu18132159,2026,DROPPED,ingredient not in title/abstract,omega3_trial_title_level,omega-3 named in TITLE,FALSE_NEGATIVE,Metabolomic Lipid Profile Changes in Patients with Heart Failure Undergoing Oral Nutritional Supplements Enriched with the Omega-3 (&lt;i&gt;n&lt;/i&gt;-3) Polyunsaturated Fatty Acids and Mediterranea
doi:1034067kid0006472022,2022,DROPPED,ingredient not in title/abstract,omega3_trial_abstract_level,omega-3 + intervention phrasing in abstract,FALSE_NEGATIVE,Effects of Vitamin D<sub>3</sub> Supplementation on Cardiovascular and Cancer Outcomes by eGFR in VITAL.
doi:104103ijoijo150625,2026,DROPPED,ingredient not in title/abstract,omega3_trial_title_level,omega-3 named in TITLE,FALSE_NEGATIVE,Omega-3 fatty acids and tear cytokines modulation in dry eye patients with low omega-3 index. Have the beneficiaries been pinpointed?
doi:105114pedm2020101806,2021,DROPPED,ingredient not in title/abstract,omega3_trial_title_level,omega-3 named in TITLE,FALSE_NEGATIVE,The effect of omega-3 fatty acids supplementation on social and behavioral disorders of children with autism: a randomized clinical trial.
doi:1052082jssm2024317,2024,DROPPED,ingredient not in title/abstract,omega3_trial_title_level,omega-3 named in TITLE,FALSE_NEGATIVE,Effects of Omega-3 Supplementation on the Delayed Onset Muscle Soreness after Cycling High Intensity Interval Training in Overweight or Obese Males.
doi:105551jat63587,2023,DROPPED,ingredient not in title/abstract,omega3_trial_title_level,omega-3 named in TITLE,FALSE_NEGATIVE,Effect of Omega-3 Fatty Acid Supplementation on the Postprandial Metabolism of Apolipoprotein(a) in Familial Hypercholesterolemia.
doi:105551jat64135,2023,DROPPED,ingredient not in title/abstract,omega3_trial_title_level,omega-3 named in TITLE,FALSE_NEGATIVE,Enhanced Production of EPA-Derived Anti-Inflammatory Metabolites after Oral Administration of a Novel Self-Emulsifying Highly Purified EPA Ethyl Ester Formulation (MND-2119).
doi:105603kpa20170072,2017,DROPPED,ingredient not in title/abstract,omega3_trial_title_level,omega-3 named in TITLE,FALSE_NEGATIVE,Supplementation with omega-3 acids after myocardial infarction and modification of inflammatory markers in light of the patients' diet: a preliminary study.
registry:chictrior16008435,2022,DROPPED,ingredient not in title/abstract,omega3_trial_title_level,omega-3 named in TITLE,FALSE_NEGATIVE,Effects of marine-derived and plant-derived omega-3 polyunsaturated fatty acids on erythrocyte fatty acid composition in type 2 diabetic patients.
registry:isrctn10431469,2022,DROPPED,ingredient not in title/abstract,omega3_trial_title_level,omega-3 named in TITLE,FALSE_NEGATIVE,"Omega-3 fatty acid, carotenoid and vitamin E supplementation improves working memory in older adults: A randomised clinical trial."
registry:isrctn31758284,2026,DROPPED,ingredient not in title/abstract,omega3_trial_title_level,omega-3 named in TITLE,FALSE_NEGATIVE,Effect of isotretinoin and omega-3 fatty acid combination on lipid metabolism in patients with acne vulgaris: a randomized controlled trial.
registry:isrctn81655012,2021,DROPPED,ingredient not in title/abstract,omega3_trial_title_level,omega-3 named in TITLE,FALSE_NEGATIVE,"The Effect of Omega-3 Fatty Acids on Thromboxane, Brain-Derived Neurotrophic Factor, Homocysteine, and Vitamin D in Depressive Children and Adolescents: Randomized Controlled Trial."
registry:isrctn96712688,2026,DROPPED,ingredient not in title/abstract,omega3_trial_title_level,omega-3 named in TITLE,FALSE_NEGATIVE,Effects of EPA+DHA and Corn Oil Supplementation on PUFA Concentrations across Plasma Lipid Pools and on Downstream Oxylipins: Exploratory Results from a Randomized Controlled Trial in Healthy Humans.
registry:nct00110604,2021,DROPPED,ingredient not in title/abstract,omega3_trial_abstract_level,omega-3 + intervention phrasing in abstract,FALSE_NEGATIVE,Positive effects of folic acid supplementation on cognitive aging are dependent on ω-3 fatty acid status: a post hoc analysis of the FACIT trial.
registry:nct00385723,2021,DROPPED,ingredient not in title/abstract,omega3_trial_title_level,omega-3 named in TITLE,FALSE_NEGATIVE,"Omega-3 supplementation and stress reactivity of cellular aging biomarkers: an ancillary substudy of a randomized, controlled trial in midlife adults."
registry:nct00646360,2023,DROPPED,ingredient not in title/abstract,omega3_trial_title_level,omega-3 named in TITLE,FALSE_NEGATIVE,Effects of prenatal docosahexaenoic acid supplementation on offspring cardiometabolic health at 11 years differs by maternal single nucleotide polymorphism rs174602: follow-up of a randomized controll
registry:nct00696514,2022,DROPPED,ingredient not in title/abstract,omega3_trial_title_level,omega-3 named in TITLE,FALSE_NEGATIVE,DHA status influences effects of B-vitamin supplementation on cognitive ageing: a post-hoc analysis of the B-proof trial.
registry:nct00798226,2024,DROPPED,ingredient not in title/abstract,omega3_trial_title_level,omega-3 named in TITLE,FALSE_NEGATIVE,"Prenatal Fish Oil Supplementation, Maternal COX1 Genotype, and Childhood Atopic Dermatitis: A Secondary Analysis of a Randomized Clinical Trial."
registry:nct00842439,2024,DROPPED,ingredient not in title/abstract,omega3_trial_title_level,omega-3 named in TITLE,FALSE_NEGATIVE,Omega-3 Supplementation Reduces Schizotypal Personality in Children: A Randomized Controlled Trial.
registry:nct01027143,2019,DROPPED,ingredient not in title/abstract,omega3_trial_title_level,omega-3 named in TITLE,FALSE_NEGATIVE,Fish Oil Supplementation in Overweight/Obese Patients with Uncontrolled Asthma. A Randomized Trial.
registry:nct01051154,2023,DROPPED,ingredient not in title/abstract,omega3_trial_title_level,omega-3 named in TITLE,FALSE_NEGATIVE,Effect of long-chain omega-3 polyunsaturated fatty acids on cardiometabolic factors in children with acute lymphoblastic leukemia undergoing treatment: a secondary analysis of a randomized controlled 
registry:nct01169259,2025,DROPPED,ingredient not in title/abstract,omega3_trial_abstract_level,omega-3 + intervention phrasing in abstract,FALSE_NEGATIVE,A Bayesian analysis of the VITAL trial: effects of ω-3 fatty acid supplementation on cardiovascular events.
registry:nct01542970,2025,DROPPED,ingredient not in title/abstract,omega3_trial_abstract_level,omega-3 + intervention phrasing in abstract,FALSE_NEGATIVE,Effects of maternal allergy and supplementation with ω-3 fatty acid and probiotic on human milk oligosaccharides.
registry:nct01624727,2026,DROPPED,ingredient not in title/abstract,omega3_trial_title_level,omega-3 named in TITLE,FALSE_NEGATIVE,Omega-3 fatty acids and oral and systemic inflammation: A secondary analysis of a randomized trial in patients with coronary artery disease.
registry:nct01625195,2024,DROPPED,ingredient not in title/abstract,omega3_trial_title_level,omega-3 named in TITLE,FALSE_NEGATIVE,"Sex, Body Mass Index, and APOE4 Increase Plasma Phospholipid-Eicosapentaenoic Acid Response During an ω-3 Fatty Acid Supplementation: A Secondary Analysis."
registry:nct01661764,2022,DROPPED,ingredient not in title/abstract,omega3_trial_title_level,omega-3 named in TITLE,FALSE_NEGATIVE,"N-3 Long Chain Fatty Acids Supplementation, Fatty Acids Desaturase Activity, and Colorectal Cancer Risk: A Randomized Controlled Trial."
registry:nct01684722,2019,DROPPED,ingredient not in title/abstract,omega3_trial_title_level,omega-3 named in TITLE,FALSE_NEGATIVE,Effect of Vitamin D and Omega-3 Fatty Acid Supplementation on Kidney Function in Patients With Type 2 Diabetes: A Randomized Clinical Trial.
registry:nct01696435,2023,DROPPED,ingredient not in title/abstract,omega3_trial_title_level,omega-3 named in TITLE,FALSE_NEGATIVE,Effects of Vitamin D<sub>3</sub> and Marine Omega-3 Fatty Acids Supplementation on Indicated and Selective Prevention of Depression in Older Adults: Results From the Clinical Center Sub-Cohort of the 
registry:nct01704859,2022,DROPPED,ingredient not in title/abstract,omega3_trial_abstract_level,omega-3 + intervention phrasing in abstract,FALSE_NEGATIVE,Supplemental Vitamin D and Incident Fractures in Midlife and Older Adults.
registry:nct01744067,2019,DROPPED,ingredient not in title/abstract,omega3_trial_title_level,omega-3 named in TITLE,FALSE_NEGATIVE,Effects of marine n-3 fatty acid supplementation in renal transplantation: A randomized controlled trial.
registry:nct01745263,2024,DROPPED,ingredient not in title/abstract,omega3_trial_title_level,omega-3 named in TITLE,FALSE_NEGATIVE,"Effects of vitamin D, omega-3 and a simple strength exercise programme in cardiovascular disease prevention: The DO-HEALTH randomized controlled trial."
registry:nct01782352,2020,DROPPED,ingredient not in title/abstract,omega3_trial_abstract_level,omega-3 + intervention phrasing in abstract,FALSE_NEGATIVE,Effect of Vitamin D and ω-3 Fatty Acid Supplementation on Risk of Age-Related Macular Degeneration: An Ancillary Study of the VITAL Randomized Clinical Trial.
registry:nct01813006,2023,DROPPED,ingredient not in title/abstract,omega3_trial_title_level,omega-3 named in TITLE,FALSE_NEGATIVE,No effect of omega-3 polyunsaturated fatty acid supplementation on inflammatory markers in familial hypercholesterolemia: a randomized crossover trial.
registry:nct01863576,2017,DROPPED,ingredient not in title/abstract,omega3_trial_title_level,omega-3 named in TITLE,FALSE_NEGATIVE,Omega-3 supplementation on inflammatory markers in patients with chronic Chagas cardiomyopathy: a randomized clinical study.
registry:nct01880463,2022,DROPPED,ingredient not in title/abstract,omega3_trial_abstract_level,omega-3 + intervention phrasing in abstract,FALSE_NEGATIVE,Efficacy of Marine ω-3 Fatty Acid Supplementation vs Placebo in Reducing Incidence of Dry Eye Disease in Healthy US Adults: A Randomized Clinical Trial.
registry:nct01936779,2020,DROPPED,ingredient not in title/abstract,omega3_trial_title_level,omega-3 named in TITLE,FALSE_NEGATIVE,Hepatic de novo lipogenesis is suppressed and fat oxidation is increased by omega-3 fatty acids at the expense of glucose metabolism.
registry:nct02271230,2022,DROPPED,ingredient not in title/abstract,omega3_trial_title_level,omega-3 named in TITLE,FALSE_NEGATIVE,"Diabetes Mellitus, Race, and Effects of Omega-3 Fatty Acids on Incidence of Heart Failure Hospitalization."
registry:nct02410096,2020,DROPPED,ingredient not in title/abstract,omega3_trial_title_level,omega-3 named in TITLE,FALSE_NEGATIVE,Oil supplementation with a special combination of n-3 and n-6 long-chain polyunsaturated fatty acids does not protect for exercise induced asthma: a double-blind placebo-controlled trial.
registry:nct02417090,2025,DROPPED,ingredient not in title/abstract,omega3_trial_abstract_level,omega-3 + intervention phrasing in abstract,FALSE_NEGATIVE,Maternal and umbilical cord serum lipids in gestational diabetes predict offspring insulin secretion and resistance at the age of nine years.
registry:nct02532023,2021,DROPPED,ingredient not in title/abstract,omega3_trial_title_level,omega-3 named in TITLE,FALSE_NEGATIVE,The omega-3 and Nano-curcumin effects on vascular cell adhesion molecule (VCAM) in episodic migraine patients: a randomized clinical trial.
registry:nct02626299,2023,DROPPED,ingredient not in title/abstract,omega3_trial_title_level,omega-3 named in TITLE,FALSE_NEGATIVE,Early and late preterm birth rates in participants adherent to randomly assigned high dose docosahexaenoic acid (DHA) supplementation in pregnancy.
registry:nct02629497,2022,DROPPED,ingredient not in title/abstract,omega3_trial_title_level,omega-3 named in TITLE,FALSE_NEGATIVE,Supplementation with omega-3 or omega-6 fatty acids attenuates platelet reactivity in postmenopausal women.
registry:nct02637778,2025,DROPPED,ingredient not in title/abstract,omega3_trial_abstract_level,omega-3 + intervention phrasing in abstract,FALSE_NEGATIVE,Reduction of cardiovascular risk factors by the diet - Evaluation of the MoKaRi concept by a parallel-designed randomized study.
registry:nct02709239,2025,DROPPED,ingredient not in title/abstract,omega3_trial_title_level,omega-3 named in TITLE,FALSE_NEGATIVE,Effects of Prenatal DHA Dose on Infant Visual Attention.
registry:nct03142503,2024,DROPPED,ingredient not in title/abstract,omega3_trial_abstract_level,omega-3 + intervention phrasing in abstract,FALSE_NEGATIVE,Nutritional effect on lipoproteins and their subfractions in patients with Psoriatic Arthritis: a 12-week randomized trial-the DIETA trial.
registry:nct03158545,2021,DROPPED,ingredient not in title/abstract,omega3_trial_title_level,omega-3 named in TITLE,FALSE_NEGATIVE,"Supplementation with oil rich in eicosapentaenoic acid, but not in docosahexaenoic acid, improves global cognitive function in healthy, young adults: results from randomized controlled trials."
registry:nct03167307,2026,DROPPED,ingredient not in title/abstract,omega3_trial_abstract_level,omega-3 + intervention phrasing in abstract,FALSE_NEGATIVE,ω-3 Fatty Acids in Pediatric Major Depressive Disorder: A Randomized Clinical Trial.
registry:nct03194659,2022,DROPPED,ingredient not in title/abstract,omega3_trial_title_level,omega-3 named in TITLE,FALSE_NEGATIVE,Prenatal choline supplementation improves biomarkers of maternal docosahexaenoic acid (DHA) status among pregnant participants consuming supplemental DHA: a randomized controlled trial.
registry:nct03203512,2024,DROPPED,ingredient not in title/abstract,omega3_trial_title_level,omega-3 named in TITLE,FALSE_NEGATIVE,"Dietary n-3 polyunsaturated fatty acids alter the number, fatty acid profile and coagulatory activity of circulating and platelet-derived extracellular vesicles: a randomized, controlled crossover tri"
registry:nct03255187,2022,DROPPED,ingredient not in title/abstract,omega3_trial_abstract_level,omega-3 + intervention phrasing in abstract,FALSE_NEGATIVE,Mechanistic insights into the health benefits of fish-oil supplementation against fine particulate matter air pollution: a randomized controlled trial.
registry:nct03306745,2019,DROPPED,ingredient not in title/abstract,omega3_trial_abstract_level,omega-3 + intervention phrasing in abstract,FALSE_NEGATIVE,The impact of a standardized micronutrient supplementation on PCOS-typical parameters: a randomized controlled trial.
registry:nct03350906,2022,DROPPED,ingredient not in title/abstract,omega3_trial_abstract_level,omega-3 + intervention phrasing in abstract,FALSE_NEGATIVE,A Randomized Trial of ω-3 Fatty Acid Supplementation and Circulating Lipoprotein Subclasses in Healthy Older Adults.
registry:nct03359577,2020,DROPPED,ingredient not in title/abstract,omega3_trial_abstract_level,omega-3 + intervention phrasing in abstract,FALSE_NEGATIVE,"A Randomized, Double-blind, Placebo-controlled Clinical Study to Investigate the efficacy of Herring Roe Oil for treatment of Psoriasis."
registry:nct03516253,2023,DROPPED,ingredient not in title/abstract,omega3_trial_title_level,omega-3 named in TITLE,FALSE_NEGATIVE,Anti-inflammatory effect of combining fish oil and evening primrose oil supplementation on breast cancer patients undergoing chemotherapy: a randomized placebo-controlled trial.
registry:nct03525184,2022,DROPPED,ingredient not in title/abstract,omega3_trial_abstract_level,omega-3 + intervention phrasing in abstract,FALSE_NEGATIVE,Supplemental Protein and a Multinutrient Beverage Speed Wound Healing after Acute Sleep Restriction in Healthy Adults.
registry:nct03557541,2021,DROPPED,ingredient not in title/abstract,omega3_trial_abstract_level,omega-3 + intervention phrasing in abstract,FALSE_NEGATIVE,"Type 2 diabetes preventive effects with a 12-months sardine-enriched diet in elderly population with prediabetes: An interventional, randomized and controlled trial."
registry:nct03583281,2021,DROPPED,ingredient not in title/abstract,omega3_trial_title_level,omega-3 named in TITLE,FALSE_NEGATIVE,Oils Rich in α-Linolenic Acid or Docosahexaenoic Acid Have Distinct Effects on Plasma Oxylipin and Adiponectin Concentrations and on Monocyte Bioenergetics in Women with Obesity.
registry:nct03649698,2026,DROPPED,ingredient not in title/abstract,omega3_trial_title_level,omega-3 named in TITLE,FALSE_NEGATIVE,"A multicomponent intervention consisting of exercise, proteins and omega-3 supplementation to improve sarcopenia in community-dwelling older adults: Lessons learned from a 5-armed randomized controlle"
registry:nct03708887,2026,DROPPED,ingredient not in title/abstract,omega3_trial_title_level,omega-3 named in TITLE,FALSE_NEGATIVE,Marine n-3 fatty acid treatment for carotid plaques in patients with type 2 diabetes.
registry:nct03764423,2022,DROPPED,ingredient not in title/abstract,omega3_trial_abstract_level,omega-3 + intervention phrasing in abstract,FALSE_NEGATIVE,Salmon fish protein supplement increases serum vitamin B12 and selenium concentrations: secondary analysis of a randomised controlled trial.
registry:nct03897660,2021,DROPPED,ingredient not in title/abstract,omega3_trial_title_level,omega-3 named in TITLE,FALSE_NEGATIVE,"Pharmacokinetics of Supplemental Omega-3 Fatty Acids Esterified in Monoglycerides, Ethyl Esters, or Triglycerides in Adults in a Randomized Crossover Trial."
registry:nct04048096,2026,DROPPED,ingredient not in title/abstract,omega3_trial_title_level,omega-3 named in TITLE,FALSE_NEGATIVE,"Do the effects of krill oil supplementation on skeletal muscle function and size in older adults differ by sex, age or BMI: A secondary analysis of a randomised controlled trial."
registry:nct04126330,2022,DROPPED,ingredient not in title/abstract,omega3_trial_title_level,omega-3 named in TITLE,FALSE_NEGATIVE,"Potential Modulation of Inflammation by Probiotic and Omega-3 Supplementation in Elderly with Chronic Low-Grade Inflammation-A Randomized, Placebo-Controlled Trial."
registry:nct04201938,2025,DROPPED,ingredient not in title/abstract,omega3_trial_title_level,omega-3 named in TITLE,FALSE_NEGATIVE,Efficacy of probiotic co-supplementation with omega-3 PUFAs on pancreatic beta-cell function in type 2 diabetes.
registry:nct04278482,2023,DROPPED,ingredient not in title/abstract,omega3_trial_title_level,omega-3 named in TITLE,FALSE_NEGATIVE,"Changes in fatty acid levels after consumption of a novel docosahexaenoic supplement from algae: a crossover randomized controlled trial in omnivorous, lacto-ovo vegetarians and vegans."
registry:nct04279743,2026,DROPPED,ingredient not in title/abstract,omega3_trial_title_level,omega-3 named in TITLE,FALSE_NEGATIVE,Krill oil increases plasma omega-3 fatty acids more than fish oil in healthy adults: a double-blind randomized controlled trial.
registry:nct04564690,2022,DROPPED,ingredient not in title/abstract,omega3_trial_title_level,omega-3 named in TITLE,FALSE_NEGATIVE,"Consumption of Hen Eggs Enriched with <i>n-3</i> Polyunsaturated Fatty Acids, Selenium, Vitamin E and Lutein Incites Anti-Inflammatory Conditions in Young, Healthy Participants - A Randomized Study."
registry:nct04609423,2022,DROPPED,ingredient not in title/abstract,omega3_trial_title_level,omega-3 named in TITLE,FALSE_NEGATIVE,"Prevention of covid-19 and other acute respiratory infections with cod liver oil supplementation, a low dose vitamin D supplement: quadruple blinded, randomised placebo controlled trial."
registry:nct05402527,2026,DROPPED,ingredient not in title/abstract,omega3_trial_abstract_level,omega-3 + intervention phrasing in abstract,FALSE_NEGATIVE,"Effects of a nutritional supplement containing fish protein, vitamin D, and ω3 fatty acids, taken during high-intensity functional training, on physical performance in recreationally trained individua"
registry:nct05520437,2024,DROPPED,ingredient not in title/abstract,omega3_trial_title_level,omega-3 named in TITLE,FALSE_NEGATIVE,"No Effects of Omega-3 Supplementation on Kynurenine Pathway, Inflammation, Depressive Symptoms, and Stress Response in Males: A Placebo-Controlled Trial."
registry:nct05573672,2025,DROPPED,ingredient not in title/abstract,omega3_trial_title_level,omega-3 named in TITLE,FALSE_NEGATIVE,Dietary counseling plus omega-3 supplementation in the treatment of generalized anxiety disorder: results of a randomized wait-list controlled pilot trial (the 'EASe-GAD Trial').
registry:nct06001632,2025,DROPPED,ingredient not in title/abstract,omega3_trial_title_level,omega-3 named in TITLE,FALSE_NEGATIVE,Benefits of Krill Oil Supplementation During Alternate-Day Fasting in Adults With Overweight and Obesity: A Randomized Trial.
registry:nct06254118,2024,DROPPED,ingredient not in title/abstract,omega3_trial_abstract_level,omega-3 + intervention phrasing in abstract,FALSE_NEGATIVE,Nonsurgical Treatment of Periodontitis in Menopausal Patients: A Randomized Control Trial.
registry:nct06331195,2026,DROPPED,ingredient not in title/abstract,omega3_trial_title_level,omega-3 named in TITLE,FALSE_NEGATIVE,Effect of a culturally adapted heart-healthy diet with phytosterols and/or krill oil on lipid-related outcomes in familial hypercholesterolaemia: protocol for a multicentre randomised controlled trial
registry:nct06729229,2025,DROPPED,ingredient not in title/abstract,omega3_trial_abstract_level,omega-3 + intervention phrasing in abstract,FALSE_NEGATIVE,Influence of Fish Consumption and ω-3 Supplementation on the ω-3 Index of Young Adults: A 2 × 2 Factorial Randomized Controlled Trial (YouFish Study).
registry:nct07157241,2026,DROPPED,ingredient not in title/abstract,omega3_trial_title_level,omega-3 named in TITLE,FALSE_NEGATIVE,"The effects of Omega-3 supplementation on stress, anxiety, depression, sleep quality, and everyday memory in individuals with psychological distress: A randomized, double-blind, placebo-controlled tri"
registry:umin000028165,2019,DROPPED,ingredient not in title/abstract,omega3_trial_title_level,omega-3 named in TITLE,FALSE_NEGATIVE,Supplementation of eicosapentaenoic acid-rich fish oil attenuates muscle stiffness after eccentric contractions of human elbow flexors.
doi:101002alz12767,2023,DROPPED,ingredient not in title/abstract,unrelated_to_omega3,no omega-3 spelling or synonym anywhere,TRUE_NEGATIVE,Effects of cocoa extract and a multivitamin on cognitive function: A randomized clinical trial.
doi:101002alz13078,2023,DROPPED,ingredient not in title/abstract,unrelated_to_omega3,no omega-3 spelling or synonym anywhere,TRUE_NEGATIVE,Impact of multivitamin-mineral and cocoa extract on incidence of mild cognitive impairment and dementia: Results from the COcoa Supplement and Multivitamin Outcomes Study for the Mind (COSMOS-Mind).
doi:101002epi412892,2024,KEPT,oral/supplement signal,omega3_trial_title_level,omega-3 named in TITLE,TRUE_POSITIVE,Phosphatidylserine enriched with polyunsaturated n-3 fatty acid supplementation for attention-deficit hyperactivity disorder in children and adolescents with epilepsy: A randomized placebo-controlled 
doi:101002gps5847,2023,DROPPED,ingredient not in title/abstract,unrelated_to_omega3,no omega-3 spelling or synonym anywhere,TRUE_NEGATIVE,Effect of vitamin D supplementation on depression in older Australian adults.
doi:101002jcsm12759,2021,DROPPED,ingredient not in title/abstract,unrelated_to_omega3,no omega-3 spelling or synonym anywhere,TRUE_NEGATIVE,"Vitamin D supplementation and risk of falling: outcomes from the randomized, placebo-controlled D-Health Trial."
doi:101002mbo31056,2020,DROPPED,ingredient not in title/abstract,omega3_mentioned_in_passing,"mention only, no intervention phrasing",TRUE_NEGATIVE,An oral health optimized diet reduces the load of potential cariogenic and periodontal bacterial species in the supragingival oral plaque: A randomized controlled pilot study.
doi:101002mnfr202400444,2024,DROPPED,ingredient not in title/abstract,unrelated_to_omega3,no omega-3 spelling or synonym anywhere,TRUE_NEGATIVE,Serum Concentrations of Folate Forms Following Supplementation of Multimicronutrients with 400 µg or 800 µg Mix of (6S)-5-Methyltetrahydrofolate and Folic Acid (1:1) in Women of Childbearing Age.
doi:101002oby24204,2025,DROPPED,ingredient not in title/abstract,unrelated_to_omega3,no omega-3 spelling or synonym anywhere,TRUE_NEGATIVE,β-alanine supplementation in adults with overweight and obesity: a randomized controlled feasibility trial.
doi:101007s00394025038147,2025,DROPPED,ingredient not in title/abstract,unrelated_to_omega3,no omega-3 spelling or synonym anywhere,TRUE_NEGATIVE,"Assessment of vitamin A, vitamin B&lt;sub&gt;2&lt;/sub&gt;, vitamin B&lt;sub&gt;12&lt;/sub&gt;, vitamin K, folate, and choline status following 4 months of multinutrient supplementation in healthy veg"
doi:101007s0039402603916w,2026,DROPPED,ingredient not in title/abstract,unrelated_to_omega3,no omega-3 spelling or synonym anywhere,TRUE_NEGATIVE,"Effects of oral nutritional supplement on growth and body composition in malnutrition at risk and malnourished children: MARVEL study, a multi-center randomized controlled trial."
doi:101007s10157024025173,2024,DROPPED,ingredient not in title/abstract,unrelated_to_omega3,no omega-3 spelling or synonym anywhere,TRUE_NEGATIVE,Oral alkalinizing supplementation suppressed intrarenal reactive oxidative stress in mild-stage chronic kidney disease: a randomized cohort study.
doi:101007s10552020012753,2020,DROPPED,ingredient not in title/abstract,unrelated_to_omega3,no omega-3 spelling or synonym anywhere,TRUE_NEGATIVE,Obesity and efficacy of vitamin D<sub>3</sub> supplementation in healthy black adults.
doi:101007s1260302117232,2022,KEPT,oral/supplement signal,omega3_trial_abstract_level,omega-3 + intervention phrasing in abstract,TRUE_POSITIVE,"Twelve Weeks of Additional Fish Intake Improves the Cognition of Cognitively Intact, Resource-Limited Elderly People: A Randomized Control Trial."
doi:101007s40268024004657,2024,DROPPED,ingredient not in title/abstract,unrelated_to_omega3,no omega-3 spelling or synonym anywhere,TRUE_NEGATIVE,Effects of Body Mass Index on Hypertriglyceridemia Associated with Oral Bexarotene Therapy: A Post Hoc Analysis of an Open-Label Comparative Clinical Study of Combined Bexarotene and Phototherapy Vers
doi:101016jajcnut202505032,2025,DROPPED,ingredient not in title/abstract,unrelated_to_omega3,no omega-3 spelling or synonym anywhere,TRUE_NEGATIVE,"Effects of a palmitoleic acid concentrated oil on C-reactive protein levels in adults: A randomized, double-blind placebo-controlled clinical trial."
doi:101016jclnesp202212004,2023,KEPT,oral/supplement signal,omega3_trial_title_level,omega-3 named in TITLE,TRUE_POSITIVE,Docosahexaenoic acid (DHA) intake estimated from a 7-question survey identifies pregnancies most likely to benefit from high-dose DHA supplementation.
doi:101016jjsbmb2025106698,2025,DROPPED,ingredient not in title/abstract,unrelated_to_omega3,no omega-3 spelling or synonym anywhere,TRUE_NEGATIVE,The effect of vitamin D supplementation on mental and functional health outcomes in African Americans with type 2 diabetes.
doi:101017jns202341,2023,DROPPED,ingredient not in title/abstract,unrelated_to_omega3,no omega-3 spelling or synonym anywhere,TRUE_NEGATIVE,"Effect of green-lipped mussel (<i>Perna canaliculus</i>) supplementation on faecal microbiota, body composition and iron status markers in overweight and obese postmenopausal women: a randomised, doub"
doi:101038s41387024002746,2024,KEPT,oral/supplement signal,omega3_trial_title_level,omega-3 named in TITLE,TRUE_POSITIVE,The effect of curcumin and high-content eicosapentaenoic acid supplementations in type 2 diabetes mellitus patients: a double-blinded randomized clinical trial.
doi:101038s41598023297873,2023,DROPPED,ingredient not in title/abstract,unrelated_to_omega3,no omega-3 spelling or synonym anywhere,TRUE_NEGATIVE,"Nicotinamide adenine dinucleotide metabolism and arterial stiffness after long-term nicotinamide mononucleotide supplementation: a randomized, double-blind, placebo-controlled trial."
doi:101038s41598024646665,2024,DROPPED,ingredient not in title/abstract,unrelated_to_omega3,no omega-3 spelling or synonym anywhere,TRUE_NEGATIVE,Identification of metabolites associated with preserved muscle volume after aneurysmal subarachnoid hemorrhage due to high protein supplementation and neuromuscular electrical stimulation.
doi:101038s41598025325185,2025,DROPPED,ingredient not in title/abstract,unrelated_to_omega3,no omega-3 spelling or synonym anywhere,TRUE_NEGATIVE,Aerobic exercise and NBS superfood supplementation modulate iron-related biomarkers in methadone treated men in randomized double blind controlled trial.
doi:1010801550278320262679718,2026,DROPPED,ingredient not in title/abstract,unrelated_to_omega3,no omega-3 spelling or synonym anywhere,TRUE_NEGATIVE,12‑weeks fisetin supplementation and interval resistance with aerobic training: changes in Maresin‑1 and inflammatory markers in men with obesity: a randomized controlled trial.
doi:101096fj202101401rr,2021,DROPPED,ingredient not in title/abstract,unrelated_to_omega3,no omega-3 spelling or synonym anywhere,TRUE_NEGATIVE,Choline metabolome response to prenatal choline supplementation across pregnancy: A randomized controlled trial.
doi:101097hc90000000000000966,2026,DROPPED,ingredient not in title/abstract,unrelated_to_omega3,no omega-3 spelling or synonym anywhere,TRUE_NEGATIVE,Midodrine versus placebo in patients with acute-on-chronic liver failure with ascites-A randomized trial (MIDAS trial).
doi:101097md0000000000033280,2023,DROPPED,ingredient not in title/abstract,unrelated_to_omega3,no omega-3 spelling or synonym anywhere,TRUE_NEGATIVE,Efficacy of lutein supplements on macular pigment optical density in highly myopic individuals: A randomized controlled trial.
doi:101097md0000000000043976,2025,DROPPED,ingredient not in title/abstract,unrelated_to_omega3,no omega-3 spelling or synonym anywhere,TRUE_NEGATIVE,"Effects of vitamins C and E supplementation combined with 12-week resistance training in older women with sarcopenia: A randomized, double-blind, placebo-controlled trial."
doi:101111jre13056,2022,DROPPED,ingredient not in title/abstract,omega3_mentioned_in_passing,"mention only, no intervention phrasing",TRUE_NEGATIVE,Changes in serum omega fatty acids on a Mediterranean diet intervention in patients with gingivitis: An exploratory study.
doi:101111mcn12867,2019,DROPPED,ingredient not in title/abstract,unrelated_to_omega3,no omega-3 spelling or synonym anywhere,TRUE_NEGATIVE,Efficacy of two different doses of oral vitamin D supplementation on inflammatory biomarkers and maternal and neonatal outcomes.
doi:101136bmj2023075230,2023,DROPPED,ingredient not in title/abstract,unrelated_to_omega3,no omega-3 spelling or synonym anywhere,TRUE_NEGATIVE,Vitamin D supplementation and major cardiovascular events: D-Health randomised controlled trial.
doi:101155bmri6654492,2025,KEPT,oral/supplement signal,omega3_trial_abstract_level,omega-3 + intervention phrasing in abstract,TRUE_POSITIVE,Effect of Beetroot Extract Supplementation on Serum Fatty Acid Profiles and Oxidative Stress Markers in Chronic Coronary Artery Disease Patients: A Secondary Analysis of a Randomized Controlled Trial.
doi:101155bmri8739655,2026,DROPPED,ingredient not in title/abstract,unrelated_to_omega3,no omega-3 spelling or synonym anywhere,TRUE_NEGATIVE,"Effects of Ubiquinol on Oxidized Low-Density Lipoprotein in Prediabetic Patients: A Randomized, Double-Blinded, Placebo-Controlled Study."
doi:10117710870547251397701,2026,DROPPED,ingredient not in title/abstract,unrelated_to_omega3,no omega-3 spelling or synonym anywhere,TRUE_NEGATIVE,Multinutrient Supplementation in Children With ADHD Reduced Pro- and Anti-Inflammatory Immune Factors in the MADDY Randomized Controlled Trial.
doi:10117715579883221074821,2022,KEPT,oral/supplement signal,omega3_trial_title_level,omega-3 named in TITLE,TRUE_POSITIVE,The Influence of Vitamin E and Omega-3 Fatty Acids on Reproductive Health Indices Among Male Workers Exposed to Electromagnetic Fields.
doi:101186s12877024051641,2024,DROPPED,ingredient not in title/abstract,unrelated_to_omega3,no omega-3 spelling or synonym anywhere,TRUE_NEGATIVE,Enhancing physical function and activity level in malnourished older adults through oral nutrition supplements: a randomized controlled trial.
doi:101186s12887021026311,2021,DROPPED,ingredient not in title/abstract,unrelated_to_omega3,no omega-3 spelling or synonym anywhere,TRUE_NEGATIVE,The effect of vitamin D and magnesium supplementation on the mental health status of attention-deficit hyperactive children: a randomized controlled trial.
doi:101186s1288702505985y,2025,DROPPED,ingredient not in title/abstract,unrelated_to_omega3,no omega-3 spelling or synonym anywhere,TRUE_NEGATIVE,Effect of vitamin D supplementation on inflammatory status and behavioral symptoms in children with autism spectrum disorders: a double-blind randomized clinical trial.
doi:101186s12888025072134,2025,DROPPED,ingredient not in title/abstract,unrelated_to_omega3,no omega-3 spelling or synonym anywhere,TRUE_NEGATIVE,"Impact of Nano-Selenium supplementation on the JAK/STAT signaling pathway in major depressive disorder: a Triple-Blind, randomized controlled trial."
doi:101186s1290202201152x,2022,DROPPED,ingredient not in title/abstract,unrelated_to_omega3,no omega-3 spelling or synonym anywhere,TRUE_NEGATIVE,Decreased inflammatory gene expression accompanies the improvement of liver enzyme and lipid profile following aerobic training and vitamin D supplementation in T2DM patients.
doi:101186s12906022036457,2022,DROPPED,ingredient not in title/abstract,unrelated_to_omega3,no omega-3 spelling or synonym anywhere,TRUE_NEGATIVE,Concurrent alteration in inflammatory biomarker gene expression and oxidative stress: how aerobic training and vitamin D improve T2DM.
doi:101186s1290602404400w,2024,DROPPED,ingredient not in title/abstract,unrelated_to_omega3,no omega-3 spelling or synonym anywhere,TRUE_NEGATIVE,"Effects of Spirulina supplementation in patients with ulcerative colitis: a double-blind, placebo-controlled randomized trial."
doi:101186s1293702005245,2020,DROPPED,ingredient not in title/abstract,unrelated_to_omega3,no omega-3 spelling or synonym anywhere,TRUE_NEGATIVE,The effects of flaxseed supplementation on metabolic status in women with polycystic ovary syndrome: a randomized open-labeled controlled clinical trial.
doi:101186s12937023008549,2023,DROPPED,ingredient not in title/abstract,unrelated_to_omega3,no omega-3 spelling or synonym anywhere,TRUE_NEGATIVE,Effects of sumac supplementation on metabolic markers in adults with metabolic syndrome: a triple-blinded randomized placebo-controlled cross-over clinical trial.
doi:101186s1293702400911x,2024,DROPPED,ingredient not in title/abstract,unrelated_to_omega3,no omega-3 spelling or synonym anywhere,TRUE_NEGATIVE,"Effects of vitamin D supplementation on liver fibrogenic factors, vitamin D receptor and liver fibrogenic microRNAs in metabolic dysfunction-associated steatotic liver disease (MASLD) patients: an exp"
doi:101186s12937025011077,2025,DROPPED,ingredient not in title/abstract,unrelated_to_omega3,no omega-3 spelling or synonym anywhere,TRUE_NEGATIVE,"The effects of concurrent alpha-linolenic acid, L-carnitine supplementation on clinical symptoms, mental health, and quality of life in women with migraine: a randomized, triple-blind, placebo-control"
doi:101186s1294402402203z,2024,DROPPED,ingredient not in title/abstract,unrelated_to_omega3,no omega-3 spelling or synonym anywhere,TRUE_NEGATIVE,"Effects of short-chain fatty acid-butyrate supplementation on expression of circadian-clock genes, sleep quality, and inflammation in patients with active ulcerative colitis: a double-blind randomized"
doi:101186s13063024083549,2024,DROPPED,ingredient not in title/abstract,unrelated_to_omega3,no omega-3 spelling or synonym anywhere,TRUE_NEGATIVE,"Effect of nano-curcumin supplementation on cardiometabolic risk factors, physical and psychological quality of life, and depression in patients with coronary slow flow phenomenon: a randomized double-"
doi:101210clinemdgaa459,2020,KEPT,ingredient in title,omega3_trial_title_level,omega-3 named in TITLE,TRUE_POSITIVE,Omega 3 Improves Both apoB100-containing Lipoprotein Turnover and their Sphingolipid Profile in Hypertriglyceridemia.
doi:101210clinemdgab693,2022,DROPPED,ingredient not in title/abstract,unrelated_to_omega3,no omega-3 spelling or synonym anywhere,TRUE_NEGATIVE,Serum Vitamin D: Correlates of Baseline Concentration and Response to Supplementation in VITAL-DKD.
doi:1020960nh05747,2026,KEPT,oral/supplement signal,omega3_trial_abstract_level,omega-3 + intervention phrasing in abstract,TRUE_POSITIVE,"Effects of immunonutrition on serum albumin, IL-6, and TNF-α levels in patients with COVID-19: a randomized controlled double-blind clinical trial."
doi:10219682436,2026,DROPPED,ingredient not in title/abstract,unrelated_to_omega3,no omega-3 spelling or synonym anywhere,TRUE_NEGATIVE,Effect of Branched-Chain Amino Acid Supplementation Alone or Combined With Tryptophan or Methionine on Appetite Control and Related Health Outcomes in Older Adults: Protocol for a Randomized Controlle
doi:102337dc231012,2023,DROPPED,ingredient not in title/abstract,unrelated_to_omega3,no omega-3 spelling or synonym anywhere,TRUE_NEGATIVE,Cocoa Extract Supplementation and Risk of Type 2 Diabetes: The Cocoa Supplement and Multivitamin Outcomes Study (COSMOS) Randomized Clinical Trial.
doi:103390ijerph19106060,2022,DROPPED,ingredient not in title/abstract,unrelated_to_omega3,no omega-3 spelling or synonym anywhere,TRUE_NEGATIVE,"Effects of <i>Tetraselmis chuii</i> Microalgae Supplementation on Anthropometric, Hormonal and Hematological Parameters in Healthy Young Men: A Double-Blind Study."
doi:103390ijerph22111695,2025,DROPPED,ingredient not in title/abstract,unrelated_to_omega3,no omega-3 spelling or synonym anywhere,TRUE_NEGATIVE,"Effects of Resistance Training Combined with Vitamin D Supplementation on Health-Related Variables in the Elderly: Muscle Strength, Body Composition, and Inflammatory Status."
doi:103390ijms25021132,2024,DROPPED,ingredient not in title/abstract,unrelated_to_omega3,no omega-3 spelling or synonym anywhere,TRUE_NEGATIVE,Modulation of miR-29a and miR-29b Expression and Their Target Genes Related to Inflammation and Renal Fibrosis by an Oral Nutritional Supplement with Probiotics in Malnourished Hemodialysis Patients.
doi:103390md21070379,2023,DROPPED,ingredient not in title/abstract,unrelated_to_omega3,no omega-3 spelling or synonym anywhere,TRUE_NEGATIVE,Oral Supplementation with Algal Sulphated Polysaccharide in Subjects with Inflammatory Skin Conditions: A Randomised Double-Blind Placebo-Controlled Trial and Baseline Dietary Differences.
doi:103390nu11081931,2019,KEPT,ingredient in title,omega3_trial_title_level,omega-3 named in TITLE,TRUE_POSITIVE,Effect of Long-Term Omega 3 Polyunsaturated Fatty Acid Supplementation with or without Multidomain Lifestyle Intervention on Muscle Strength in Older Adults: Secondary Analysis of the Multidomain Alzh
doi:103390nu11112569,2019,DROPPED,ingredient not in title/abstract,unrelated_to_omega3,no omega-3 spelling or synonym anywhere,TRUE_NEGATIVE,Fatty Acid Profile and Antioxidant Status Fingerprint in Sarcopenic Elderly Patients: Role of Diet and Exercise.
doi:103390nu12041032,2020,DROPPED,ingredient not in title/abstract,unrelated_to_omega3,no omega-3 spelling or synonym anywhere,TRUE_NEGATIVE,Dietary Supplementation with Curcumin Reduce Circulating Levels of Glycogen Synthase Kinase-3β and Islet Amyloid Polypeptide in Adults with High Risk of Type 2 Diabetes and Alzheimer's Disease.
doi:103390nu12051268,2020,DROPPED,ingredient not in title/abstract,unrelated_to_omega3,no omega-3 spelling or synonym anywhere,TRUE_NEGATIVE,Efficiency of Vitamin D Supplementation in Healthy Adults is Associated with Body Mass Index and Baseline Serum 25-Hydroxyvitamin D Level.
doi:103390nu12061806,2020,DROPPED,ingredient not in title/abstract,unrelated_to_omega3,no omega-3 spelling or synonym anywhere,TRUE_NEGATIVE,"The Impact of Protein Supplementation on Exercise-Induced Muscle Damage, Soreness and Fatigue Following Prolonged Walking Exercise in Vital Older Adults: A Randomized Double-Blind Placebo-Controlled T"
doi:103390nu13020399,2021,DROPPED,ingredient not in title/abstract,unrelated_to_omega3,no omega-3 spelling or synonym anywhere,TRUE_NEGATIVE,Sex May Modulate the Effects of Combined Polyphenol Extract and L-citrulline Supplementation on Ambulatory Blood Pressure in Adults with Prehypertension: A Randomized Controlled Trial.
doi:103390nu13030903,2021,DROPPED,ingredient not in title/abstract,unrelated_to_omega3,no omega-3 spelling or synonym anywhere,TRUE_NEGATIVE,Supplementation with Octacosanol Affects the Level of PCSK9 and Restore Its Physiologic Relation with LDL-C in Patients on Chronic Statin Therapy.
doi:103390nu13061948,2021,DROPPED,ingredient not in title/abstract,unrelated_to_omega3,no omega-3 spelling or synonym anywhere,TRUE_NEGATIVE,Effect of Dietary Supplementation with a Natural Extract of <i>Sclerocarya birrea</i> on Glycemic Metabolism in Subjects with Prediabetes: A Randomized Double-Blind Placebo-Controlled Study.
doi:103390nu13072313,2021,DROPPED,ingredient not in title/abstract,unrelated_to_omega3,no omega-3 spelling or synonym anywhere,TRUE_NEGATIVE,Peripheral Blood T Cell Gene Expression Responses to Exercise and HMB in Sarcopenia.
doi:103390nu13082801,2021,DROPPED,ingredient not in title/abstract,unrelated_to_omega3,no omega-3 spelling or synonym anywhere,TRUE_NEGATIVE,"Omega-7 Mixed Fatty Acid Supplementation Fails to Reduce Serum Inflammatory Biomarkers: A Placebo-Controlled, Double-Blind Randomized Crossover Trial."
doi:103390nu14050916,2022,DROPPED,ingredient not in title/abstract,unrelated_to_omega3,no omega-3 spelling or synonym anywhere,TRUE_NEGATIVE,Tapioca Resistant Maltodextrin as a Carbohydrate Source of Oral Nutrition Supplement (ONS) on Metabolic Indicators: A Clinical Trial.
doi:103390nu14091721,2022,DROPPED,ingredient not in title/abstract,unrelated_to_omega3,no omega-3 spelling or synonym anywhere,TRUE_NEGATIVE,"Perilla Fruit Oil-Fortified Soybean Milk Intake Alters Levels of Serum Triglycerides and Antioxidant Status, and Influences Phagocytotic Activity among Healthy Subjects: A Randomized Placebo-Controlle"
doi:103390nu14102099,2022,DROPPED,ingredient not in title/abstract,unrelated_to_omega3,no omega-3 spelling or synonym anywhere,TRUE_NEGATIVE,"Effect of Dietary Supplementation with Eufortyn<sup>®</sup> Colesterolo Plus on Serum Lipids, Endothelial Reactivity, Indexes of Non-Alcoholic Fatty Liver Disease and Systemic Inflammation in Healthy "
doi:103390nu14193922,2022,DROPPED,ingredient not in title/abstract,unrelated_to_omega3,no omega-3 spelling or synonym anywhere,TRUE_NEGATIVE,"Sixteen-Week Vitamin D<sub>3</sub> Supplementation Increases Peripheral T Cells in Overweight Black Individuals: Post hoc Analysis of a Randomized, Double-Blinded, Placebo-Controlled Trial."
doi:103390nu14235079,2022,DROPPED,ingredient not in title/abstract,unrelated_to_omega3,no omega-3 spelling or synonym anywhere,TRUE_NEGATIVE,"Investigating the Effects of a Multinutrient Supplement on Cognition, Mood and Biochemical Markers in Middle-Aged Adults with 'Optimal' and 'Sub-Optimal' Diets: A Randomized Double Blind Placebo Contr"
doi:103390nu15061365,2023,DROPPED,ingredient not in title/abstract,unrelated_to_omega3,no omega-3 spelling or synonym anywhere,TRUE_NEGATIVE,Neither Chia Flour nor Whey Protein Supplementation Further Improves Body Composition or Strength Gains after a Resistance Training Program in Young Subjects with a Habitual High Daily Protein Intake.
doi:103390nu15102316,2023,DROPPED,ingredient not in title/abstract,unrelated_to_omega3,no omega-3 spelling or synonym anywhere,TRUE_NEGATIVE,"The Efficacy of New Zealand Greenshell™ Mussel Powder Supplementation in Supporting Muscle Recovery Following Eccentric Exercise-Induced Muscle Damage in Healthy, Untrained Adult Males."
doi:103390nu15112442,2023,DROPPED,ingredient not in title/abstract,unrelated_to_omega3,no omega-3 spelling or synonym anywhere,TRUE_NEGATIVE,Inflammatory Mediators and Type 2 Diabetes Risk Factors before and in Response to Lifestyle Intervention among Latino Adolescents with Obesity.
doi:103390nu15204396,2023,DROPPED,ingredient not in title/abstract,unrelated_to_omega3,no omega-3 spelling or synonym anywhere,TRUE_NEGATIVE,Effects of Zinc Supplementation on Inflammatory and Cognitive Parameters in Middle-Aged Women with Overweight or Obesity.
doi:103390nu15214555,2023,DROPPED,ingredient not in title/abstract,unrelated_to_omega3,no omega-3 spelling or synonym anywhere,TRUE_NEGATIVE,The Effect of Dietary Supplementation with Plant Sterols on Total and LDL-Cholesterol in Plasma Is Affected by Adherence to Mediterranean Diet: Insights from the DESCO Randomized Clinical Study.
doi:103390nu15224806,2023,DROPPED,ingredient not in title/abstract,unrelated_to_omega3,no omega-3 spelling or synonym anywhere,TRUE_NEGATIVE,"Chronic Thermogenic Dietary Supplement Consumption: Effects on Body Composition, Anthropometrics, and Metabolism."
doi:103390nu16040489,2024,DROPPED,ingredient not in title/abstract,unrelated_to_omega3,no omega-3 spelling or synonym anywhere,TRUE_NEGATIVE,"Formulated Palmitoylethanolamide Supplementation Improves Parameters of Cognitive Function and BDNF Levels in Young, Healthy Adults: A Randomised Cross-Over Trial."
doi:103390nu16101400,2024,DROPPED,ingredient not in title/abstract,unrelated_to_omega3,no omega-3 spelling or synonym anywhere,TRUE_NEGATIVE,Individualized Supplementation of Immunoactive Micronutrients and Severity of Upper Respiratory Infection Symptoms-A Randomized Intervention Study.
doi:103390nu16101504,2024,DROPPED,ingredient not in title/abstract,unrelated_to_omega3,no omega-3 spelling or synonym anywhere,TRUE_NEGATIVE,"Effects of Mediterranean Diet, Curcumin, and Resveratrol on Mild-to-Moderate Active Ulcerative Colitis: A Multicenter Randomized Clinical Trial."
doi:103390nu17030463,2025,DROPPED,ingredient not in title/abstract,unrelated_to_omega3,no omega-3 spelling or synonym anywhere,TRUE_NEGATIVE,"Enhancement of Lower Limb Muscle Strength and Reduction of Inflammation in the Elderly: A Randomized, Double-Blind Clinical Trial Comparing &lt;i&gt;Lacticaseibacillus paracasei&lt;/i&gt; PS23 Probiot"
doi:103390nu17040652,2025,DROPPED,ingredient not in title/abstract,unrelated_to_omega3,no omega-3 spelling or synonym anywhere,TRUE_NEGATIVE,Psychobiotic Protection of Nutritional Supplements and Probiotics in Patients Undergoing Hemodialysis: A Randomized Trial.
doi:103390nu17081374,2025,DROPPED,ingredient not in title/abstract,unrelated_to_omega3,no omega-3 spelling or synonym anywhere,TRUE_NEGATIVE,Dark Chocolate Mitigates Premenstrual Performance Impairments and Muscle Soreness in Female CrossFit&lt;sup&gt;®&lt;/sup&gt; Athletes: Evidence from a Menstrual-Phase-Specific Trial.
doi:103390nu17091431,2025,DROPPED,ingredient not in title/abstract,unrelated_to_omega3,no omega-3 spelling or synonym anywhere,TRUE_NEGATIVE,"Dietary Nucleotides Enhance Neurogenesis, Cognitive Capacity, Muscle Function, and Body Composition in Older Adults: A Randomized, Triple-Blind, Controlled Clinical Trial."
doi:103390nu17111941,2025,DROPPED,ingredient not in title/abstract,unrelated_to_omega3,no omega-3 spelling or synonym anywhere,TRUE_NEGATIVE,Effects of Oral Nutrition Supplementation with or Without Multi-Domain Intervention Program on Cognitive Function and Overall Health in Older Adults: A Randomized Controlled Trial.
doi:103390nu17132072,2025,DROPPED,ingredient not in title/abstract,unrelated_to_omega3,no omega-3 spelling or synonym anywhere,TRUE_NEGATIVE,Benefits of Short-Term (4-Week) Daily Walnut Consumption in Middle-Aged Adults at Risk for Metabolic Syndrome: Outcomes of a Randomized Controlled Trial.
doi:103390nu17183008,2025,DROPPED,ingredient not in title/abstract,unrelated_to_omega3,no omega-3 spelling or synonym anywhere,TRUE_NEGATIVE,A 12-Week Randomized Controlled Trial of Nutrition and Exercise Education with Dietary Supplementation for Sarcopenia Prevention in Korean Baby Boomers.
doi:103390nu17213387,2025,DROPPED,ingredient not in title/abstract,unrelated_to_omega3,no omega-3 spelling or synonym anywhere,TRUE_NEGATIVE,Probiotic Supplementation Enhances the Effects of a Nutritional Intervention on Quality of Life in Women with Hashimoto's Thyroiditis-A Double-Blind Randomised Study.
doi:103390nu17233720,2025,DROPPED,ingredient not in title/abstract,unrelated_to_omega3,no omega-3 spelling or synonym anywhere,TRUE_NEGATIVE,Effects of Blueberry Supplementation on Depression and Anxiety Symptoms in a Rural Louisiana Population.
doi:103390nu18020250,2026,DROPPED,ingredient not in title/abstract,unrelated_to_omega3,no omega-3 spelling or synonym anywhere,TRUE_NEGATIVE,"Efficacy and Safety of CKDB-322, a Combination of <i>Lactiplantibacillus plantarum</i> Q180 and <i>Phaeodactylum tricornutum</i>, for Reducing Body Fat and Abdominal Adiposity in Overweight Adults."
doi:103390nu18030521,2026,DROPPED,ingredient not in title/abstract,unrelated_to_omega3,no omega-3 spelling or synonym anywhere,TRUE_NEGATIVE,Vitamin D in Myalgic Encephalomyelitis/Chronic Fatigue Syndrome After COVID-19 or Vaccination: A Randomized Controlled Trial.
doi:103390nu18040625,2026,DROPPED,ingredient not in title/abstract,unrelated_to_omega3,no omega-3 spelling or synonym anywhere,TRUE_NEGATIVE,Almond Supplementation Improves Acne Lesions and Skin Microbial Diversity in Adults with Mild to Moderate Acne Vulgaris.
doi:103390nu18050714,2026,DROPPED,ingredient not in title/abstract,unrelated_to_omega3,no omega-3 spelling or synonym anywhere,TRUE_NEGATIVE,Effect of Prebiotic Supplementation With and Without Physiotherapy on Pain and Pain Sensitivity in People with Knee Osteoarthritis.
doi:106061clinics2021e1821,2021,DROPPED,ingredient not in title/abstract,unrelated_to_omega3,no omega-3 spelling or synonym anywhere,TRUE_NEGATIVE,In vitro anti-inflammatory effects of vitamin D supplementation may be blurred in hemodialysis patients.
registry:chictrior16008445,2025,DROPPED,ingredient not in title/abstract,unrelated_to_omega3,no omega-3 spelling or synonym anywhere,TRUE_NEGATIVE,Short-term structured dietary and exercise interventions delay diabetes onset in prediabetic patients: a prospective quasi-experimental study.
registry:ctri201901017201,2025,DROPPED,ingredient not in title/abstract,unrelated_to_omega3,no omega-3 spelling or synonym anywhere,TRUE_NEGATIVE,"Effect of Amla Extract on Body Mass Index, Waist Circumference, Total Body Fat, Visceral Fat, Skeletal Muscle Mass, Body Age, and Related Parameters: A Randomized, Open-Label Clinical Study in Obese P"
registry:isrctn1309319,2023,DROPPED,ingredient not in title/abstract,unrelated_to_omega3,no omega-3 spelling or synonym anywhere,TRUE_NEGATIVE,Effect of Milk Protein and Whey Permeate in Large-Quantity Lipid-Based Nutrient Supplement on Early Child Development among Children with Stunting: A Randomized 2 × 2 Factorial Trial in Uganda.
registry:nct00711971,2019,KEPT,ingredient in title,omega3_trial_title_level,omega-3 named in TITLE,TRUE_POSITIVE,"Effect of prenatal EPA and DHA on maternal and cord blood insulin sensitivity: a secondary analysis of the mothers, omega 3, and mental health study."
registry:nct00970866,2026,DROPPED,ingredient not in title/abstract,unrelated_to_omega3,no omega-3 spelling or synonym anywhere,TRUE_NEGATIVE,Effect of Small-Quantity Lipid-Based Nutrient Supplementation on Children's Cortisol Concentration.
registry:nct01050556,2025,DROPPED,ingredient not in title/abstract,unrelated_to_omega3,no omega-3 spelling or synonym anywhere,TRUE_NEGATIVE,Metabolic Signature of Arsenic Exposure and Metabolism: The Folic Acid and Creatine Trial.
registry:nct01240512,2021,DROPPED,ingredient not in title/abstract,unrelated_to_omega3,no omega-3 spelling or synonym anywhere,TRUE_NEGATIVE,Effects of Vitamin D Supplementation on Cardiovascular and Glycemic Biomarkers.
registry:nct01351805,2022,KEPT,ingredient in title,omega3_trial_title_level,omega-3 named in TITLE,TRUE_POSITIVE,Vitamin D and marine omega 3 fatty acid supplementation and incident autoimmune disease: VITAL randomized controlled trial.
registry:nct01463813,2025,DROPPED,ingredient not in title/abstract,unrelated_to_omega3,no omega-3 spelling or synonym anywhere,TRUE_NEGATIVE,The Effect of Vitamin D3 Supplementation on the Incidence of Diagnosed Dementia Among Healthy Older Adults-The Finnish Vitamin D Trial.
registry:nct01513252,2023,KEPT,ingredient in title,omega3_trial_title_level,omega-3 named in TITLE,TRUE_POSITIVE,Cognitive impact of multidomain intervention and omega 3 according to blood Aβ42/40 ratio: a subgroup analysis from the randomized MAPT trial.
registry:nct01683565,2022,KEPT,oral/supplement signal,omega3_trial_title_level,omega-3 named in TITLE,TRUE_POSITIVE,Effects of Omega-3-6-9 fatty acid supplementation on behavior and sleep in preterm toddlers with autism symptomatology: Secondary analysis of a randomized clinical trial.
registry:nct01798680,2022,DROPPED,ingredient not in title/abstract,unrelated_to_omega3,no omega-3 spelling or synonym anywhere,TRUE_NEGATIVE,"Cholecalciferol Supplementation Does Not Affect the Risk of HIV Progression, Viral Suppression, Comorbidities, Weight Loss, and Depression among Tanzanian Adults Initiating Antiretroviral Therapy: Sec"
registry:nct01827215,2020,DROPPED,ingredient not in title/abstract,unrelated_to_omega3,no omega-3 spelling or synonym anywhere,TRUE_NEGATIVE,Using Health Information Technology to Engage African American Women on Nutrition and Supplement Use During the Preconception Period.
registry:nct02925195,2022,DROPPED,ingredient not in title/abstract,unrelated_to_omega3,no omega-3 spelling or synonym anywhere,TRUE_NEGATIVE,Clinical and biomarker modifiers of vitamin D treatment response: the Multi-Ethnic Study of Atherosclerosis.
registry:nct03205202,2025,DROPPED,ingredient not in title/abstract,unrelated_to_omega3,no omega-3 spelling or synonym anywhere,TRUE_NEGATIVE,Cocoa Flavanol Supplementation and Risk of Age-Related Macular Degeneration: An Ancillary Study of the COSMOS Randomized Clinical Trial.
registry:nct03252522,2025,DROPPED,ingredient not in title/abstract,unrelated_to_omega3,no omega-3 spelling or synonym anywhere,TRUE_NEGATIVE,Multinutrients Decrease Oxidative Stress in Children With ADHD: Mediation/Moderation Analysis of Randomized Controlled Trial Data.
registry:nct03419039,2026,DROPPED,ingredient not in title/abstract,unrelated_to_omega3,no omega-3 spelling or synonym anywhere,TRUE_NEGATIVE,Anthocyanin supplementation in adults at risk for dementia: a randomized controlled trial on its cardiometabolic and anti-inflammatory biomarker effects.
registry:nct03550209,2022,KEPT,oral/supplement signal,omega3_trial_title_level,omega-3 named in TITLE,TRUE_POSITIVE,Randomized Controlled Trial of Omega-3 and -6 Fatty Acid Supplementation to Reduce Inflammatory Markers in Children with Autism Spectrum Disorder.
registry:nct04386577,2025,KEPT,oral/supplement signal,omega3_trial_title_level,omega-3 named in TITLE,TRUE_POSITIVE,Vitamin D&lt;sub&gt;3&lt;/sub&gt; and marine ω-3 fatty acids supplementation and leukocyte telomere length: 4-year findings from the VITamin D and OmegA-3 TriaL (VITAL) randomized controlled trial.
registry:nct04744922,2025,DROPPED,ingredient not in title/abstract,unrelated_to_omega3,no omega-3 spelling or synonym anywhere,TRUE_NEGATIVE,Targeting brain health in subjective cognitive decline: insights from a multidomain randomized controlled trial.
registry:nct04851899,2023,DROPPED,ingredient not in title/abstract,unrelated_to_omega3,no omega-3 spelling or synonym anywhere,TRUE_NEGATIVE,Effects of Dietary Supplementation of a Microalgae Extract Containing Fucoxanthin Combined with Guarana on Cognitive Function and Gaming Performance.
registry:nct05142722,2026,DROPPED,ingredient not in title/abstract,unrelated_to_omega3,no omega-3 spelling or synonym anywhere,TRUE_NEGATIVE,"Effect of obicetrapib, a potent cholesteryl ester transfer protein inhibitor, on p-tau217 levels in patients with cardiovascular disease."
registry:nct05209425,2024,DROPPED,ingredient not in title/abstract,unrelated_to_omega3,no omega-3 spelling or synonym anywhere,TRUE_NEGATIVE,"A Comparison and Safety Evaluation of Micellar versus Standard Vitamin D<sub>3</sub> Oral Supplementation in a Randomized, Double-Blind Human Pilot Study."
registry:nct05232669,2025,DROPPED,ingredient not in title/abstract,unrelated_to_omega3,no omega-3 spelling or synonym anywhere,TRUE_NEGATIVE,Effects of cocoa extract supplementation and multivitamin/multimineral supplements on self-reported fractures in the Cocoa Supplement and Multivitamins Outcomes Study randomized clinical trial.
registry:nct05242107,2023,KEPT,oral/supplement signal,omega3_trial_title_level,omega-3 named in TITLE,TRUE_POSITIVE,Lipid profile after omega-3 supplementation in neonates with intrauterine growth retardation: a randomized controlled trial.
registry:nct05243108,2026,DROPPED,ingredient not in title/abstract,unrelated_to_omega3,no omega-3 spelling or synonym anywhere,TRUE_NEGATIVE,Urate-Related Genetic Risk Modulates the Anti-Aging Effects of Exogenous Nucleotides: Multi-Omics Evidence From Older Adults.
registry:nct05282992,2026,DROPPED,ingredient not in title/abstract,unrelated_to_omega3,no omega-3 spelling or synonym anywhere,TRUE_NEGATIVE,Efficacy and tolerability of native (undenatured) type II collagen supplementation for joint health in healthy volunteers: a randomized double-blind placebo-controlled study.
registry:nct05581108,2026,KEPT,oral/supplement signal,omega3_trial_abstract_level,omega-3 + intervention phrasing in abstract,TRUE_POSITIVE,Investigating enhancement of learning and memory following supplementation with Juice Plus&lt;sup&gt;+&lt;/sup&gt;® Omega in an adolescent population.
registry:nct05759910,2024,DROPPED,ingredient not in title/abstract,unrelated_to_omega3,no omega-3 spelling or synonym anywhere,TRUE_NEGATIVE,Effects of Supplementation with a Microalgae Extract from <i>Phaeodactylum tricornutum</i> Containing Fucoxanthin on Cognition and Markers of Health in Older Individuals with Perceptions of Cognitive 
registry:nct05975866,2026,DROPPED,ingredient not in title/abstract,unrelated_to_omega3,no omega-3 spelling or synonym anywhere,TRUE_NEGATIVE,The Combined Effects of an Anti-Inflammatory Diet and Curcumin Supplementation on Thyroid Function and Lipid Profile in Patients With Hashimoto's Thyroiditis: A Double Blind Randomised Clinical Trial.
registry:nct06425094,2025,DROPPED,ingredient not in title/abstract,unrelated_to_omega3,no omega-3 spelling or synonym anywhere,TRUE_NEGATIVE,"Effects of Supplementation with Microalgae Extract from &lt;i&gt;Tetradesmus obliquus&lt;/i&gt; Strain Mi175.B1.a on Gastrointestinal Symptoms and Mental Health in Healthy Adults: A Pilot Randomized, "
registry:nct06480812,2025,KEPT,oral/supplement signal,omega3_trial_abstract_level,omega-3 + intervention phrasing in abstract,TRUE_POSITIVE,The anti-inflammatory effects of three different dietary supplement interventions.
registry:nct06944938,2025,DROPPED,ingredient not in title/abstract,unrelated_to_omega3,no omega-3 spelling or synonym anywhere,TRUE_NEGATIVE,The role of probiotics and dietary interventions in the treatment of periodontitis: a pilot randomized controlled clinical trial.
registry:nct06972862,2026,DROPPED,ingredient not in title/abstract,unrelated_to_omega3,no omega-3 spelling or synonym anywhere,TRUE_NEGATIVE,Varying Influence of Menstrual Cycle Phase and Hormonal Contraceptive Use on Resistance Exercise-Induced Circulating Extracellular Vesicle and Metabolite Signalling.
registry:nct07041853,2026,DROPPED,ingredient not in title/abstract,unrelated_to_omega3,no omega-3 spelling or synonym anywhere,TRUE_NEGATIVE,Ashwagandha Root Extract Stabilises Physiological Stress Responses in Male and Female Team Sports Athletes During Pre-Season Training.
